unit	entry	level	scc	loc	authority (under /Users/nickm/git/deeptools-src)	extract_lines	rust_home	scope	extract_file	class	calls	note
e001_isSameDscGroup	001/382	0	0	4	dcg/dcg_fe/scheduler/L3DlOpsScheduler.cpp:60	31-35	crates/compiler/deeptools/src/schedule/l3/dl_ops.rs	l3	crustify-ddc/cpp/l3.cpp	-	-	-
e002_isLabeledDsDimensionBroadcast	002/382	0	1	6	dcg/dcg_fe/scheduler/L3DlOpsScheduler.cpp:65	44-52	crates/compiler/deeptools/src/schedule/l3/dl_ops.rs	l3	crustify-ddc/cpp/l3.cpp	-	-	-
e003_isDimensionCoreletSplit	003/382	0	2	12	dcg/dcg_fe/scheduler/L3DlOpsScheduler.cpp:74	62-75	crates/compiler/deeptools/src/schedule/l3/dl_ops.rs	l3	crustify-ddc/cpp/l3.cpp	L3DlOpsScheduler	-	-
e004_voidPaddingIfChunking	004/382	0	7	20	dcg/dcg_fe/scheduler/L3DlOpsScheduler.cpp:128	84-105	crates/compiler/deeptools/src/schedule/l3/dl_ops.rs	l3	crustify-ddc/cpp/l3.cpp	-	-	-
e005_addOrUpdateSymbolicInfoInParams	005/382	0	9	15	dcg/dcg_fe/scheduler/L3DlOpsScheduler.cpp:158	114-130	crates/compiler/deeptools/src/schedule/l3/dl_ops.rs	l3	crustify-ddc/cpp/l3.cpp	-	-	-
e006_getLabeledDsWkSliceMulticastDegree	006/382	0	10	39	dcg/dcg_fe/scheduler/L3DlOpsScheduler.cpp:176	139-180	crates/compiler/deeptools/src/schedule/l3/dl_ops.rs	l3	crustify-ddc/cpp/l3.cpp	-	-	-
e007_scheduleDimTypeToString	007/382	0	12	16	dcg/dcg_fe/scheduler/L3DlOpsScheduler.cpp:282	190-206	crates/compiler/deeptools/src/schedule/l3/dl_ops.rs	l3	crustify-ddc/cpp/l3.cpp	L3DlOpsScheduler	-	-
e008_hasDimensionReuse	008/382	0	13	19	dcg/dcg_fe/scheduler/L3DlOpsScheduler.cpp:303	216-235	crates/compiler/deeptools/src/schedule/l3/dl_ops.rs	l3	crustify-ddc/cpp/l3.cpp	L3DlOpsScheduler	-	-
e009_getStickSize	009/382	0	14	12	dcg/dcg_fe/scheduler/L3DlOpsScheduler.cpp:327	245-258	crates/compiler/deeptools/src/schedule/l3/dl_ops.rs	l3	crustify-ddc/cpp/l3.cpp	L3DlOpsScheduler	-	-
e010_getCoreSplitDimensions	010/382	0	15	25	dcg/dcg_fe/scheduler/L3DlOpsScheduler.cpp:342	268-294	crates/compiler/deeptools/src/schedule/l3/dl_ops.rs	l3	crustify-ddc/cpp/l3.cpp	L3DlOpsScheduler	-	-
e011_getLabeledDsWithDsType	011/382	0	16	6	dcg/dcg_fe/scheduler/L3DlOpsScheduler.cpp:369	304-312	crates/compiler/deeptools/src/schedule/l3/dl_ops.rs	l3	crustify-ddc/cpp/l3.cpp	L3DlOpsScheduler	-	-
e012_getAllLabeledDsIndicesSet	012/382	0	17	7	dcg/dcg_fe/scheduler/L3DlOpsScheduler.cpp:378	322-330	crates/compiler/deeptools/src/schedule/l3/dl_ops.rs	l3	crustify-ddc/cpp/l3.cpp	L3DlOpsScheduler	-	-
e013_getHbmPinnedLabeledDsIndicesSet	013/382	0	18	7	dcg/dcg_fe/scheduler/L3DlOpsScheduler.cpp:387	340-348	crates/compiler/deeptools/src/schedule/l3/dl_ops.rs	l3	crustify-ddc/cpp/l3.cpp	L3DlOpsScheduler	-	-
e014_isLabeledDsLXNeighbor	014/382	0	19	26	dcg/dcg_fe/scheduler/L3DlOpsScheduler.cpp:406	358-386	crates/compiler/deeptools/src/schedule/l3/dl_ops.rs	l3	crustify-ddc/cpp/l3.cpp	L3DlOpsScheduler	-	-
e015_getParentLoopNodes	015/382	0	24	10	dcg/dcg_fe/scheduler/L3DlOpsScheduler.cpp:532	396-407	crates/compiler/deeptools/src/schedule/l3/dl_ops.rs	l3	crustify-ddc/cpp/l3.cpp	L3DlOpsScheduler	-	-
e016_createAllocateNode	016/382	0	25	49	dcg/dcg_fe/scheduler/L3DlOpsScheduler.cpp:544	417-468	crates/compiler/deeptools/src/schedule/l3/dl_ops.rs	l3	crustify-ddc/cpp/l3.cpp	L3DlOpsScheduler	-	-
e017_createTransferNode	017/382	0	26	22	dcg/dcg_fe/scheduler/L3DlOpsScheduler.cpp:596	478-504	crates/compiler/deeptools/src/schedule/l3/dl_ops.rs	l3	crustify-ddc/cpp/l3.cpp	L3DlOpsScheduler	-	-
e018_createLoopNode	018/382	0	27	19	dcg/dcg_fe/scheduler/L3DlOpsScheduler.cpp:623	514-535	crates/compiler/deeptools/src/schedule/l3/dl_ops.rs	l3	crustify-ddc/cpp/l3.cpp	L3DlOpsScheduler	-	-
e019_createBlockNode	019/382	0	28	6	dcg/dcg_fe/scheduler/L3DlOpsScheduler.cpp:645	545-551	crates/compiler/deeptools/src/schedule/l3/dl_ops.rs	l3	crustify-ddc/cpp/l3.cpp	L3DlOpsScheduler	-	-
e020_createSyncNode	020/382	0	29	10	dcg/dcg_fe/scheduler/L3DlOpsScheduler.cpp:652	561-573	crates/compiler/deeptools/src/schedule/l3/dl_ops.rs	l3	crustify-ddc/cpp/l3.cpp	L3DlOpsScheduler	-	-
e021_getOpFuncName	021/382	0	30	4	dcg/dcg_fe/scheduler/L3DlOpsScheduler.cpp:665	583-587	crates/compiler/deeptools/src/schedule/l3/dl_ops.rs	l3	crustify-ddc/cpp/l3.cpp	L3DlOpsScheduler	-	-
e022_addOrUpdateDataStageParam	022/382	0	32	12	dcg/dcg_fe/scheduler/L3DlOpsScheduler.cpp:721	597-614	crates/compiler/deeptools/src/schedule/l3/dl_ops.rs	l3	crustify-ddc/cpp/l3.cpp	L3DlOpsScheduler	-	-
e023_isOpFuncConv2dInt4	023/382	0	33	6	dcg/dcg_fe/scheduler/L3DlOpsScheduler.cpp:739	624-630	crates/compiler/deeptools/src/schedule/l3/dl_ops.rs	l3	crustify-ddc/cpp/l3.cpp	L3DlOpsScheduler	-	-
e024_isOpFuncConv2dOs1	024/382	0	34	6	dcg/dcg_fe/scheduler/L3DlOpsScheduler.cpp:746	640-646	crates/compiler/deeptools/src/schedule/l3/dl_ops.rs	l3	crustify-ddc/cpp/l3.cpp	L3DlOpsScheduler	-	-
e025_isOpFuncBmmInt4	025/382	0	36	6	dcg/dcg_fe/scheduler/L3DlOpsScheduler.cpp:769	656-662	crates/compiler/deeptools/src/schedule/l3/dl_ops.rs	l3	crustify-ddc/cpp/l3.cpp	L3DlOpsScheduler	-	-
e026_isOpFuncBmmInt8	026/382	0	37	7	dcg/dcg_fe/scheduler/L3DlOpsScheduler.cpp:776	672-679	crates/compiler/deeptools/src/schedule/l3/dl_ops.rs	l3	crustify-ddc/cpp/l3.cpp	L3DlOpsScheduler	-	-
e027_isOpFuncBmmFp8NonXrf	027/382	0	38	6	dcg/dcg_fe/scheduler/L3DlOpsScheduler.cpp:784	689-695	crates/compiler/deeptools/src/schedule/l3/dl_ops.rs	l3	crustify-ddc/cpp/l3.cpp	L3DlOpsScheduler	-	-
e028_isOpFuncBmmFp8Xrf	028/382	0	39	5	dcg/dcg_fe/scheduler/L3DlOpsScheduler.cpp:791	705-710	crates/compiler/deeptools/src/schedule/l3/dl_ops.rs	l3	crustify-ddc/cpp/l3.cpp	L3DlOpsScheduler	-	-
e029_isOpFuncBmmFp16	029/382	0	40	6	dcg/dcg_fe/scheduler/L3DlOpsScheduler.cpp:797	720-726	crates/compiler/deeptools/src/schedule/l3/dl_ops.rs	l3	crustify-ddc/cpp/l3.cpp	L3DlOpsScheduler	-	-
e030_isOpFuncScalarBroadcast	030/382	0	42	18	dcg/dcg_fe/scheduler/L3DlOpsScheduler.cpp:810	736-754	crates/compiler/deeptools/src/schedule/l3/dl_ops.rs	l3	crustify-ddc/cpp/l3.cpp	L3DlOpsScheduler	-	-
e031_isOpFuncReduction	031/382	0	43	7	dcg/dcg_fe/scheduler/L3DlOpsScheduler.cpp:829	764-771	crates/compiler/deeptools/src/schedule/l3/dl_ops.rs	l3	crustify-ddc/cpp/l3.cpp	L3DlOpsScheduler	-	-
e032_isOpFuncPooling	032/382	0	44	5	dcg/dcg_fe/scheduler/L3DlOpsScheduler.cpp:837	781-786	crates/compiler/deeptools/src/schedule/l3/dl_ops.rs	l3	crustify-ddc/cpp/l3.cpp	L3DlOpsScheduler	-	-
e033_isOpFuncDepthwiseConv	033/382	0	45	5	dcg/dcg_fe/scheduler/L3DlOpsScheduler.cpp:843	796-801	crates/compiler/deeptools/src/schedule/l3/dl_ops.rs	l3	crustify-ddc/cpp/l3.cpp	L3DlOpsScheduler	-	-
e034_isOpFuncQuantization	034/382	0	46	8	dcg/dcg_fe/scheduler/L3DlOpsScheduler.cpp:849	811-819	crates/compiler/deeptools/src/schedule/l3/dl_ops.rs	l3	crustify-ddc/cpp/l3.cpp	L3DlOpsScheduler	-	-
e035_isOpFuncConversionDl16AndFp32	035/382	0	47	5	dcg/dcg_fe/scheduler/L3DlOpsScheduler.cpp:858	829-835	crates/compiler/deeptools/src/schedule/l3/dl_ops.rs	l3	crustify-ddc/cpp/l3.cpp	L3DlOpsScheduler	-	-
e036_getMinParamScalarBroadcast	036/382	0	52	16	dcg/dcg_fe/scheduler/L3DlOpsScheduler.cpp:1008	845-862	crates/compiler/deeptools/src/schedule/l3/dl_ops.rs	l3	crustify-ddc/cpp/l3.cpp	L3DlOpsScheduler	-	-
e037_getMinParamReduction	037/382	0	53	12	dcg/dcg_fe/scheduler/L3DlOpsScheduler.cpp:1026	872-885	crates/compiler/deeptools/src/schedule/l3/dl_ops.rs	l3	crustify-ddc/cpp/l3.cpp	L3DlOpsScheduler	-	-
e038_getMinParamPoolingAndDepthwiseConv	038/382	0	54	22	dcg/dcg_fe/scheduler/L3DlOpsScheduler.cpp:1040	895-919	crates/compiler/deeptools/src/schedule/l3/dl_ops.rs	l3	crustify-ddc/cpp/l3.cpp	L3DlOpsScheduler	-	-
e039_getMinParamQuantization	039/382	0	55	31	dcg/dcg_fe/scheduler/L3DlOpsScheduler.cpp:1065	929-962	crates/compiler/deeptools/src/schedule/l3/dl_ops.rs	l3	crustify-ddc/cpp/l3.cpp	L3DlOpsScheduler	-	-
e040_getMinParamConversionDl16AndFp32	040/382	0	56	17	dcg/dcg_fe/scheduler/L3DlOpsScheduler.cpp:1099	972-991	crates/compiler/deeptools/src/schedule/l3/dl_ops.rs	l3	crustify-ddc/cpp/l3.cpp	L3DlOpsScheduler	-	-
e041_getChunkParamsFromCandidates	041/382	0	64	12	dcg/dcg_fe/scheduler/L3DlOpsScheduler.cpp:1423	1001-1016	crates/compiler/deeptools/src/schedule/l3/dl_ops.rs	l3	crustify-ddc/cpp/l3.cpp	L3DlOpsScheduler	-	-
e042_getBurstEfficiency	042/382	0	75	17	dcg/dcg_fe/scheduler/L3DlOpsScheduler.cpp:1609	1026-1044	crates/compiler/deeptools/src/schedule/l3/dl_ops.rs	l3	crustify-ddc/cpp/l3.cpp	L3DlOpsScheduler	-	-
e043_getLabeledDsNumOfStickVolumesInCore	043/382	0	74	37	dcg/dcg_fe/scheduler/L3DlOpsScheduler.cpp:1694	1054-1094	crates/compiler/deeptools/src/schedule/l3/dl_ops.rs	l3	crustify-ddc/cpp/l3.cpp	L3DlOpsScheduler	-	-
e044_getOpReducedDimSet	044/382	0	57	13	dcg/dcg_fe/scheduler/L3DlOpsScheduler.cpp:2719	1104-1118	crates/compiler/deeptools/src/schedule/l3/dl_ops.rs	l3	crustify-ddc/cpp/l3.cpp	L3DlOpsScheduler	-	-
e045_addSuperChunkDataStage	045/382	0	66	12	dcg/dcg_fe/scheduler/L3DlOpsScheduler.cpp:2806	1128-1140	crates/compiler/deeptools/src/schedule/l3/dl_ops.rs	l3	crustify-ddc/cpp/l3.cpp	L3DlOpsScheduler	-	-
e046_getLxBelowBlockNode	046/382	0	84	11	dcg/dcg_fe/scheduler/L3DlOpsScheduler.cpp:3468	1150-1162	crates/compiler/deeptools/src/schedule/l3/dl_ops.rs	l3	crustify-ddc/cpp/l3.cpp	L3DlOpsScheduler	-	-
e047_collectAllDimensionsForLoopOrder	047/382	0	93	25	dcg/dcg_fe/scheduler/L3DlOpsScheduler.cpp:3991	1172-1198	crates/compiler/deeptools/src/schedule/l3/dl_ops.rs	l3	crustify-ddc/cpp/l3.cpp	L3DlOpsScheduler	-	-
e048_getSharesAndGroupName	048/382	0	103	43	dcg/dcg_fe/scheduler/L3DlOpsScheduler.cpp:4673	1208-1255	crates/compiler/deeptools/src/schedule/l3/dl_ops.rs	l3	crustify-ddc/cpp/l3.cpp	L3DlOpsScheduler	-	-
e049_calculateCoreletOffsetInByte	049/382	0	105	82	dcg/dcg_fe/scheduler/L3DlOpsScheduler.cpp:4842	1265-1348	crates/compiler/deeptools/src/schedule/l3/dl_ops.rs	l3	crustify-ddc/cpp/l3.cpp	L3DlOpsScheduler	-	-
e050_getInitialStartAddressAndOffset	050/382	0	106	31	dcg/dcg_fe/scheduler/L3DlOpsScheduler.cpp:4926	1358-1390	crates/compiler/deeptools/src/schedule/l3/dl_ops.rs	l3	crustify-ddc/cpp/l3.cpp	L3DlOpsScheduler	-	-
e051_getLdsOrConstNameOfAllocNode	051/382	0	71	10	dcg/dcg_fe/scheduler/L3DlOpsScheduler.cpp:5493	1400-1411	crates/compiler/deeptools/src/schedule/l3/dl_ops.rs	l3	crustify-ddc/cpp/l3.cpp	L3DlOpsScheduler	-	-
e052_verifyLoopOrder	052/382	0	100	17	dcg/dcg_fe/scheduler/L3DlOpsScheduler.cpp:6366	1421-1439	crates/compiler/deeptools/src/schedule/l3/dl_ops.rs	l3	crustify-ddc/cpp/l3.cpp	L3DlOpsScheduler	-	-
e053_verifyScheduleTree	053/382	0	118	22	dcg/dcg_fe/scheduler/L3DlOpsScheduler.cpp:6385	1449-1471	crates/compiler/deeptools/src/schedule/l3/dl_ops.rs	l3	crustify-ddc/cpp/l3.cpp	L3DlOpsScheduler	-	-
e054_prepDsc	054/382	0	119	13	dcg/dcg_fe/scheduler/L3DlOpsScheduler.cpp:6411	1481-1494	crates/compiler/deeptools/src/schedule/l3/dl_ops.rs	l3	crustify-ddc/cpp/l3.cpp	L3DlOpsScheduler	-	-
e055_computeMinHMICoreGroupSizeForSEN1P5	055/382	0	120	94	dcg/dcg_fe/scheduler/L3DlOpsScheduler.cpp:6486	1504-1599	crates/compiler/deeptools/src/schedule/l3/dl_ops.rs	l3	crustify-ddc/cpp/l3.cpp	L3DlOpsScheduler	-	-
e056_isIndexLds	056/382	0	21	13	dcg/dcg_fe/scheduler/L3DlOpsScheduler.cpp:6582	1609-1622	crates/compiler/deeptools/src/schedule/l3/dl_ops.rs	l3	crustify-ddc/cpp/l3.cpp	L3DlOpsScheduler	-	-
e057_isPagedLds	057/382	0	112	9	dcg/dcg_fe/scheduler/L3DlOpsScheduler.cpp:6596	1632-1641	crates/compiler/deeptools/src/schedule/l3/dl_ops.rs	l3	crustify-ddc/cpp/l3.cpp	L3DlOpsScheduler	-	-
e058_getNewDataStageIndex	058/382	0	96	18	dcg/dcg_fe/scheduler/L3DlOpsScheduler.cpp:6606	1651-1670	crates/compiler/deeptools/src/schedule/l3/dl_ops.rs	l3	crustify-ddc/cpp/l3.cpp	L3DlOpsScheduler	-	-
e059_getPagedDimensions	059/382	0	61	20	dcg/dcg_fe/scheduler/L3DlOpsScheduler.cpp:6709	1680-1701	crates/compiler/deeptools/src/schedule/l3/dl_ops.rs	l3	crustify-ddc/cpp/l3.cpp	L3DlOpsScheduler	-	-
e060_getHbmAllocations	060/382	0	133	13	dcg/dcg_fe/scheduler/L3DlOpsScheduler.cpp:7152	1711-1725	crates/compiler/deeptools/src/schedule/l3/dl_ops.rs	l3	crustify-ddc/cpp/l3.cpp	L3DlOpsScheduler	-	-
e061_gatherFoldParams	061/382	0	135	12	dcg/dcg_fe/scheduler/L3DlOpsScheduler.cpp:7248	1735-1749	crates/compiler/deeptools/src/schedule/l3/dl_ops.rs	l3	crustify-ddc/cpp/l3.cpp	L3DlOpsScheduler	-	-
e062_getEnclosingLoopsAndRelatedDims	062/382	0	137	38	dcg/dcg_fe/scheduler/L3DlOpsScheduler.cpp:7263	1759-1800	crates/compiler/deeptools/src/schedule/l3/dl_ops.rs	l3	crustify-ddc/cpp/l3.cpp	L3DlOpsScheduler	-	-
e063_findAndStoreLoopWithDim	063/382	0	136	21	dcg/dcg_fe/scheduler/L3DlOpsScheduler.cpp:7307	1810-1835	crates/compiler/deeptools/src/schedule/l3/dl_ops.rs	l3	crustify-ddc/cpp/l3.cpp	L3DlOpsScheduler	-	-
e064_constructDatastage	064/382	0	139	11	dcg/dcg_fe/scheduler/L3DlOpsScheduler.cpp:7724	1845-1857	crates/compiler/deeptools/src/schedule/l3/dl_ops.rs	l3	crustify-ddc/cpp/l3.cpp	L3DlOpsScheduler	-	-
e065_constructLoopNode	065/382	0	140	18	dcg/dcg_fe/scheduler/L3DlOpsScheduler.cpp:7737	1867-1886	crates/compiler/deeptools/src/schedule/l3/dl_ops.rs	l3	crustify-ddc/cpp/l3.cpp	L3DlOpsScheduler	-	-
e066_addCore	066/382	0	80	4	dcg/dcg_fe/scheduler/L3DlOpsScheduler.h:29	1896-1900	crates/compiler/deeptools/src/schedule/l3/dl_ops.rs	l3	crustify-ddc/cpp/l3.cpp	CrossCoreReductionGroup	-	-
e067_getStartCoreAtCorelet	067/382	0	147	9	dcg/dcg_fe/scheduler/L3DlOpsScheduler.h:34	1910-1919	crates/compiler/deeptools/src/schedule/l3/dl_ops.rs	l3	crustify-ddc/cpp/l3.cpp	CrossCoreReductionGroup	-	-
e068_getEndCoreAtCorelet	068/382	0	82	9	dcg/dcg_fe/scheduler/L3DlOpsScheduler.h:43	1929-1938	crates/compiler/deeptools/src/schedule/l3/dl_ops.rs	l3	crustify-ddc/cpp/l3.cpp	CrossCoreReductionGroup	-	-
e069_updateMin	069/382	0	148	3	dcg/dcg_fe/scheduler/L3DlOpsScheduler.h:117	1948-1951	crates/compiler/deeptools/src/schedule/l3/dl_ops.rs	l3	crustify-ddc/cpp/l3.cpp	Constraints	-	-
e070_updateMax	070/382	0	149	3	dcg/dcg_fe/scheduler/L3DlOpsScheduler.h:120	1961-1964	crates/compiler/deeptools/src/schedule/l3/dl_ops.rs	l3	crustify-ddc/cpp/l3.cpp	Constraints	-	-
e071_updateValues	071/382	0	150	3	dcg/dcg_fe/scheduler/L3DlOpsScheduler.h:123	1974-1977	crates/compiler/deeptools/src/schedule/l3/dl_ops.rs	l3	crustify-ddc/cpp/l3.cpp	Constraints	-	-
e072_getTripCount	072/382	0	69	9	dcg/dcg_fe/scheduler/L3DlOpsScheduler.h:487	1987-1997	crates/compiler/deeptools/src/schedule/l3/dl_ops.rs	l3	crustify-ddc/cpp/l3.cpp	L3DlOpsScheduler	-	-
e073_addPropInfo	073/382	0	167	22	ddc/ddc.h:402	32-59	crates/compiler/deeptools/src/schedule/ddc/mod.rs	ddc	crustify-ddc/cpp/ddc.cpp	CoordPropTracker	-	-
e074_retry	074/382	0	169	23	ddc/ddc.h:436	69-93	crates/compiler/deeptools/src/schedule/ddc/mod.rs	ddc	crustify-ddc/cpp/ddc.cpp	CoordPropTracker	-	-
e075_getCurrItem	075/382	0	170	10	ddc/ddc.h:463	103-113	crates/compiler/deeptools/src/schedule/ddc/mod.rs	ddc	crustify-ddc/cpp/ddc.cpp	CoordPropTracker	-	-
e076_print	076/382	0	113	29	ddc/ddc.h:580	123-152	crates/compiler/deeptools/src/schedule/ddc/mod.rs	ddc	crustify-ddc/cpp/ddc.cpp	RowGroupInfo	-	-
e077_printFoldParams	077/382	0	174	6	ddc/ddc.h:611	162-168	crates/compiler/deeptools/src/schedule/ddc/mod.rs	ddc	crustify-ddc/cpp/ddc.cpp	Ddc	-	-
e078_dbgPrint	078/382	0	175	25	ddc/ddc_fold.cpp:20	177-202	crates/compiler/deeptools/src/schedule/ddc/fold.rs	ddc	crustify-ddc/cpp/ddc.cpp	-	-	-
e079_dbgPrint	079/382	0	176	16	ddc/ddc_fold.cpp:46	211-227	crates/compiler/deeptools/src/schedule/ddc/fold.rs	ddc	crustify-ddc/cpp/ddc.cpp	-	-	-
e080_allDimsCovered	080/382	0	178	9	ddc/ddc_fold.cpp:75	236-247	crates/compiler/deeptools/src/schedule/ddc/fold.rs	ddc	crustify-ddc/cpp/ddc.cpp	-	-	-
e081_buildFoldForBroadcastDim	081/382	0	179	19	ddc/ddc_fold.cpp:87	256-278	crates/compiler/deeptools/src/schedule/ddc/fold.rs	ddc	crustify-ddc/cpp/ddc.cpp	-	-	-
e082_getCompRowId	082/382	0	180	7	ddc/ddc_fold.cpp:110	287-294	crates/compiler/deeptools/src/schedule/ddc/fold.rs	ddc	crustify-ddc/cpp/ddc.cpp	-	-	-
e083_getComponent	083/382	0	181	17	ddc/ddc_fold.cpp:118	303-320	crates/compiler/deeptools/src/schedule/ddc/fold.rs	ddc	crustify-ddc/cpp/ddc.cpp	-	-	-
e084_getLayoutDimsFromNode	084/382	0	182	51	ddc/ddc_fold.cpp:136	329-382	crates/compiler/deeptools/src/schedule/ddc/fold.rs	ddc	crustify-ddc/cpp/ddc.cpp	-	-	-
e085_needToConsiderRowBundling	085/382	0	183	7	ddc/ddc_fold.cpp:190	391-401	crates/compiler/deeptools/src/schedule/ddc/fold.rs	ddc	crustify-ddc/cpp/ddc.cpp	-	-	-
e086_isAllocateIncoming	086/382	0	184	28	ddc/ddc_fold.cpp:201	410-440	crates/compiler/deeptools/src/schedule/ddc/fold.rs	ddc	crustify-ddc/cpp/ddc.cpp	-	-	-
e087_findCommonAncestor	087/382	0	185	32	ddc/ddc_fold.cpp:232	449-483	crates/compiler/deeptools/src/schedule/ddc/fold.rs	ddc	crustify-ddc/cpp/ddc.cpp	-	-	-
e088_orderDescendants	088/382	0	186	25	ddc/ddc_fold.cpp:267	492-520	crates/compiler/deeptools/src/schedule/ddc/fold.rs	ddc	crustify-ddc/cpp/ddc.cpp	-	-	-
e089_constructAllocElemArrLayout	089/382	0	187	87	ddc/ddc_fold.cpp:296	529-621	crates/compiler/deeptools/src/schedule/ddc/fold.rs	ddc	crustify-ddc/cpp/ddc.cpp	-	-	-
e090_combineContigousLevels	090/382	0	188	34	ddc/ddc_fold.cpp:395	630-665	crates/compiler/deeptools/src/schedule/ddc/fold.rs	ddc	crustify-ddc/cpp/ddc.cpp	-	-	-
e091_matchDataStream	091/382	0	189	42	ddc/ddc_fold.cpp:430	674-719	crates/compiler/deeptools/src/schedule/ddc/fold.rs	ddc	crustify-ddc/cpp/ddc.cpp	-	-	-
e092_getNumElementsInPTSlice	092/382	0	197	18	ddc/ddc_fold.cpp:1519	729-747	crates/compiler/deeptools/src/schedule/ddc/fold.rs	ddc	crustify-ddc/cpp/ddc.cpp	Ddc	-	-
e093_buildSpatialFold	093/382	0	209	41	ddc/ddc_fold.cpp:2109	757-801	crates/compiler/deeptools/src/schedule/ddc/fold.rs	ddc	crustify-ddc/cpp/ddc.cpp	Ddc	-	-
e094_getDefaultRowSplitFold	094/382	0	198	6	ddc/ddc_fold.cpp:2154	810-816	crates/compiler/deeptools/src/schedule/ddc/fold.rs	ddc	crustify-ddc/cpp/ddc.cpp	-	-	-
e095_gatherFoldParams	095/382	0	190	12	ddc/ddc_fold.cpp:2224	826-839	crates/compiler/deeptools/src/schedule/ddc/fold.rs	ddc	crustify-ddc/cpp/ddc.cpp	Ddc	-	-
e096_updateMin	096/382	0	213	3	ddc/ddc_metadata.h:40	849-852	crates/compiler/deeptools/src/schedule/ddc/metadata.rs	ddc	crustify-ddc/cpp/ddc.cpp	Constraints	-	-
e097_updateMax	097/382	0	214	3	ddc/ddc_metadata.h:43	862-865	crates/compiler/deeptools/src/schedule/ddc/metadata.rs	ddc	crustify-ddc/cpp/ddc.cpp	Constraints	-	-
e098_updateValues	098/382	0	215	3	ddc/ddc_metadata.h:46	875-878	crates/compiler/deeptools/src/schedule/ddc/metadata.rs	ddc	crustify-ddc/cpp/ddc.cpp	Constraints	-	-
e099_dump	099/382	0	216	23	ddc/ddc_metadata.h:49	888-911	crates/compiler/deeptools/src/schedule/ddc/metadata.rs	ddc	crustify-ddc/cpp/ddc.cpp	Constraints	-	-
e100_insertProducer	100/382	0	217	5	ddc/ddc_metadata.h:147	921-926	crates/compiler/deeptools/src/schedule/ddc/metadata.rs	ddc	crustify-ddc/cpp/ddc.cpp	DataConnect	-	-
e101_insertConsumer	101/382	0	218	5	ddc/ddc_metadata.h:153	936-941	crates/compiler/deeptools/src/schedule/ddc/metadata.rs	ddc	crustify-ddc/cpp/ddc.cpp	DataConnect	-	-
e102_print	102/382	0	114	11	ddc/ddc_metadata.h:166	951-962	crates/compiler/deeptools/src/schedule/ddc/metadata.rs	ddc	crustify-ddc/cpp/ddc.cpp	DataConnect	-	-
e103_getLoops	103/382	0	219	13	ddc/ddc_metadata.h:179	972-986	crates/compiler/deeptools/src/schedule/ddc/metadata.rs	ddc	crustify-ddc/cpp/ddc.cpp	DataConnect	-	-
e104_clear	104/382	0	4	4	ddc/ddc_metadata.h:225	996-1000	crates/compiler/deeptools/src/schedule/ddc/metadata.rs	ddc	crustify-ddc/cpp/ddc.cpp	Metadata	-	-
e105_isReleventComputeToPackStickDim	105/382	0	229	17	ddc/ddc_transformation.cpp:693	1010-1028	crates/compiler/deeptools/src/schedule/ddc/transformation.rs	ddc	crustify-ddc/cpp/ddc.cpp	Ddc	-	-
e106_findReleventStickPackingTransfers	106/382	0	230	72	ddc/ddc_transformation.cpp:712	1038-1114	crates/compiler/deeptools/src/schedule/ddc/transformation.rs	ddc	crustify-ddc/cpp/ddc.cpp	Ddc	-	-
e107_isEligibleCompute	107/382	0	231	19	ddc/ddc_transformation.cpp:789	1124-1145	crates/compiler/deeptools/src/schedule/ddc/transformation.rs	ddc	crustify-ddc/cpp/ddc.cpp	Ddc	-	-
e108_cloneComputeForOffsetAdjustment	108/382	0	240	29	ddc/ddc_transformation.cpp:1356	1155-1184	crates/compiler/deeptools/src/schedule/ddc/transformation.rs	ddc	crustify-ddc/cpp/ddc.cpp	Ddc	-	-
e109_transformAComputeNodeForInterSliceRestickify	109/382	0	293	12	ddc/ddc_transformation.cpp:2383	1194-1208	crates/compiler/deeptools/src/schedule/ddc/transformation.rs	ddc	crustify-ddc/cpp/ddc.cpp	Ddc	-	-
e110_constructAllocation	110/382	0	246	50	ddc/ddc_transformation_util.cpp:20	1218-1270	crates/compiler/deeptools/src/schedule/ddc/transformation_util.rs	ddc	crustify-ddc/cpp/ddc.cpp	Ddc	-	-
e111_reduceUsersOrDeleteAllocationAndMetadata	111/382	0	226	41	ddc/ddc_transformation_util.cpp:73	1280-1323	crates/compiler/deeptools/src/schedule/ddc/transformation_util.rs	ddc	crustify-ddc/cpp/ddc.cpp	Ddc	-	-
e112_constructDatastage	112/382	0	234	8	ddc/ddc_transformation_util.cpp:117	1333-1341	crates/compiler/deeptools/src/schedule/ddc/transformation_util.rs	ddc	crustify-ddc/cpp/ddc.cpp	Ddc	-	-
e113_constructDatastage	113/382	0	232	11	ddc/ddc_transformation_util.cpp:126	1351-1362	crates/compiler/deeptools/src/schedule/ddc/transformation_util.rs	ddc	crustify-ddc/cpp/ddc.cpp	Ddc	-	-
e114_constructLoopNode	114/382	0	233	18	ddc/ddc_transformation_util.cpp:138	1372-1392	crates/compiler/deeptools/src/schedule/ddc/transformation_util.rs	ddc	crustify-ddc/cpp/ddc.cpp	Ddc	-	-
e115_collectLoopReferences	115/382	0	251	14	ddc/ddc_transformation_util.cpp:318	1402-1418	crates/compiler/deeptools/src/schedule/ddc/transformation_util.rs	ddc	crustify-ddc/cpp/ddc.cpp	Ddc	-	-
e116_getPaddingPerDim	116/382	0	247	49	ddc/ddc_transformation_util.cpp:709	1428-1478	crates/compiler/deeptools/src/schedule/ddc/transformation_util.rs	ddc	crustify-ddc/cpp/ddc.cpp	Ddc	-	-
e117_getNodeDescription	117/382	0	220	25	ddc/ddc_transformation_util.cpp:1094	1488-1513	crates/compiler/deeptools/src/schedule/ddc/transformation_util.rs	ddc	crustify-ddc/cpp/ddc.cpp	Ddc	-	-
e118_cloneForPeSfpWorkSplit	118/382	0	242	114	ddc/ddc_transformation_util.cpp:1306	1523-1638	crates/compiler/deeptools/src/schedule/ddc/transformation_util.rs	ddc	crustify-ddc/cpp/ddc.cpp	Ddc	-	-
e119_cloneForPeSfpWorkSplit	119/382	0	244	115	ddc/ddc_transformation_util.cpp:1422	1648-1763	crates/compiler/deeptools/src/schedule/ddc/transformation_util.rs	ddc	crustify-ddc/cpp/ddc.cpp	Ddc	-	-
e120_storageOrDatastreamIsExternal	120/382	0	223	32	ddc/ddc_transformation_util.cpp:1652	1773-1807	crates/compiler/deeptools/src/schedule/ddc/transformation_util.rs	ddc	crustify-ddc/cpp/ddc.cpp	Ddc	-	-
e121_relatedToExternalNodes	121/382	0	300	8	ddc/ddc_transformation_util.cpp:1748	1817-1825	crates/compiler/deeptools/src/schedule/ddc/transformation_util.rs	ddc	crustify-ddc/cpp/ddc.cpp	Ddc	-	-
e122_isNodeRelatedToComps	122/382	0	206	30	ddc/ddc_transformation_util.cpp:1778	1835-1867	crates/compiler/deeptools/src/schedule/ddc/transformation_util.rs	ddc	crustify-ddc/cpp/ddc.cpp	Ddc	-	-
e123_updateNodesWithNewLds	123/382	0	238	57	ddc/ddc_transformation_util.cpp:1919	1877-1935	crates/compiler/deeptools/src/schedule/ddc/transformation_util.rs	ddc	crustify-ddc/cpp/ddc.cpp	Ddc	-	-
e124_getLdsOrConstNameOfAllocNode	124/382	0	302	10	ddc/ddcv1.cpp:20	1945-1955	crates/compiler/deeptools/src/schedule/ddc/v1.rs	ddc	crustify-ddc/cpp/ddc.cpp	Ddc	-	-
e125_minimizeAllocations	125/382	0	303	101	ddc/ddcv1.cpp:30	1967-2068	crates/compiler/deeptools/src/schedule/ddc/v1.rs	ddc	crustify-ddc/cpp/ddc.cpp	Ddc	-	Part of the ddcv1.cpp:30-360 placement span that reginit.rs hand-transcribes. The authority is this body.
e126_populateUnitTimeTransfers	126/382	0	305	115	ddc/ddcv1.cpp:439	2078-2193	crates/compiler/deeptools/src/schedule/ddc/v1.rs	ddc	crustify-ddc/cpp/ddc.cpp	Ddc	-	-
e127_spreadDataInAllocate	127/382	0	307	27	ddc/ddcv1.cpp:1682	2203-2230	crates/compiler/deeptools/src/schedule/ddc/v1.rs	ddc	crustify-ddc/cpp/ddc.cpp	Ddc	-	-
e128_finalizeAllocateLayouts	128/382	0	308	30	ddc/ddcv1.cpp:1712	2240-2270	crates/compiler/deeptools/src/schedule/ddc/v1.rs	ddc	crustify-ddc/cpp/ddc.cpp	Ddc	-	-
e129_getClSplitDim	129/382	0	309	19	ddc/ddcv1.cpp:1799	2279-2298	crates/compiler/deeptools/src/schedule/ddc/v1.rs	ddc	crustify-ddc/cpp/ddc.cpp	-	-	-
e130_getPeSfpSplitDim	130/382	0	310	47	ddc/ddcv1.cpp:1819	2307-2355	crates/compiler/deeptools/src/schedule/ddc/v1.rs	ddc	crustify-ddc/cpp/ddc.cpp	-	-	-
e131_setPeFoldsIfPtInteraction	131/382	0	311	22	ddc/ddcv1.cpp:1868	2364-2387	crates/compiler/deeptools/src/schedule/ddc/v1.rs	ddc	crustify-ddc/cpp/ddc.cpp	-	-	-
e132_restoreDsc	132/382	0	314	5	ddc/ddcv1.cpp:2272	2397-2402	crates/compiler/deeptools/src/schedule/ddc/v1.rs	ddc	crustify-ddc/cpp/ddc.cpp	Ddc	-	-
e133_adjustLoopOffsetsAndAddresses	133/382	0	317	81	ddc/ddcv1.cpp:3201	2412-2493	crates/compiler/deeptools/src/schedule/ddc/v1.rs	ddc	crustify-ddc/cpp/ddc.cpp	Ddc	-	-
e134_simplifyScheduleTree	134/382	0	319	27	ddc/ddcv1.cpp:3457	2503-2530	crates/compiler/deeptools/src/schedule/ddc/v1.rs	ddc	crustify-ddc/cpp/ddc.cpp	Ddc	-	-
e135_updateLdsIdxMetadata	135/382	0	321	5	ddc/ddcv1.cpp:3667	2540-2545	crates/compiler/deeptools/src/schedule/ddc/v1.rs	ddc	crustify-ddc/cpp/ddc.cpp	Ddc	-	-
e136_initGlobalData	136/382	0	322	9	ddc/ddcv1.cpp:3673	2555-2564	crates/compiler/deeptools/src/schedule/ddc/v1.rs	ddc	crustify-ddc/cpp/ddc.cpp	Ddc	-	-
e137_int_log2	137/382	0	288	9	ddc/transformations/automatic_shuffle/shuffle.cpp:95	2573-2582	crates/compiler/deeptools/src/schedule/ddc/shuffle.rs	ddc	crustify-ddc/cpp/ddc.cpp	-	-	-
e138_swap	138/382	0	99	1	ddc/transformations/automatic_shuffle/shuffle.cpp:121	2592-2593	crates/compiler/deeptools/src/schedule/ddc/shuffle.rs	ddc	crustify-ddc/cpp/ddc.cpp	SwapBuffer	-	-
e139_packmerge_psuedostring	139/382	0	366	9	ddc/transformations/automatic_shuffle/shuffle.cpp:124	2602-2614	crates/compiler/deeptools/src/schedule/ddc/shuffle.rs	ddc	crustify-ddc/cpp/ddc.cpp	-	-	-
e140_repeat_over_dims	140/382	0	369	26	ddc/transformations/automatic_shuffle/shuffle.cpp:178	2624-2652	crates/compiler/deeptools/src/schedule/ddc/shuffle.rs	ddc	crustify-ddc/cpp/ddc.cpp	ComputationOp	-	-
e141_act	141/382	0	285	16	ddc/transformations/automatic_shuffle/shuffle.cpp:249	2662-2678	crates/compiler/deeptools/src/schedule/ddc/shuffle.rs	ddc	crustify-ddc/cpp/ddc.cpp	MergeAction	-	-
e142_cost	142/382	0	279	6	ddc/transformations/automatic_shuffle/shuffle.cpp:266	2688-2694	crates/compiler/deeptools/src/schedule/ddc/shuffle.rs	ddc	crustify-ddc/cpp/ddc.cpp	MergeAction	-	-
e143_get_shuffle_indices	143/382	0	370	29	ddc/transformations/automatic_shuffle/shuffle.cpp:275	2704-2733	crates/compiler/deeptools/src/schedule/ddc/shuffle.rs	ddc	crustify-ddc/cpp/ddc.cpp	MergeAction	-	-
e144_act	144/382	0	260	10	ddc/transformations/automatic_shuffle/shuffle.cpp:351	2743-2753	crates/compiler/deeptools/src/schedule/ddc/shuffle.rs	ddc	crustify-ddc/cpp/ddc.cpp	PackAction	-	-
e145_get_indices	145/382	0	372	12	ddc/transformations/automatic_shuffle/shuffle.cpp:366	2763-2775	crates/compiler/deeptools/src/schedule/ddc/shuffle.rs	ddc	crustify-ddc/cpp/ddc.cpp	PackAction	-	-
e146_act	146/382	0	262	13	ddc/transformations/automatic_shuffle/shuffle.cpp:409	2785-2798	crates/compiler/deeptools/src/schedule/ddc/shuffle.rs	ddc	crustify-ddc/cpp/ddc.cpp	ShiftLeftAction	-	-
e147_cost	147/382	0	284	4	ddc/transformations/automatic_shuffle/shuffle.cpp:423	2808-2812	crates/compiler/deeptools/src/schedule/ddc/shuffle.rs	ddc	crustify-ddc/cpp/ddc.cpp	ShiftLeftAction	-	-
e148_act	148/382	0	266	10	ddc/transformations/automatic_shuffle/shuffle.cpp:476	2822-2832	crates/compiler/deeptools/src/schedule/ddc/shuffle.rs	ddc	crustify-ddc/cpp/ddc.cpp	Pack8Action	-	-
e149_act	149/382	0	283	8	ddc/transformations/automatic_shuffle/shuffle.cpp:523	2842-2850	crates/compiler/deeptools/src/schedule/ddc/shuffle.rs	ddc	crustify-ddc/cpp/ddc.cpp	Pack9Action	-	-
e150_cost	150/382	0	259	4	ddc/transformations/automatic_shuffle/shuffle.cpp:532	2860-2864	crates/compiler/deeptools/src/schedule/ddc/shuffle.rs	ddc	crustify-ddc/cpp/ddc.cpp	Pack9Action	-	-
e151_act	151/382	0	263	11	ddc/transformations/automatic_shuffle/shuffle.cpp:573	2874-2885	crates/compiler/deeptools/src/schedule/ddc/shuffle.rs	ddc	crustify-ddc/cpp/ddc.cpp	Pack24Action	-	-
e152__out_format	152/382	0	272	8	ddc/transformations/automatic_shuffle/shuffle.cpp:598	2895-2904	crates/compiler/deeptools/src/schedule/ddc/shuffle.rs	ddc	crustify-ddc/cpp/ddc.cpp	GCVTF16F8PackAction	-	-
e153_act	153/382	0	278	7	ddc/transformations/automatic_shuffle/shuffle.cpp:620	2914-2921	crates/compiler/deeptools/src/schedule/ddc/shuffle.rs	ddc	crustify-ddc/cpp/ddc.cpp	GCVTF16F8PackAction	-	-
e154__out_format	154/382	0	271	8	ddc/transformations/automatic_shuffle/shuffle.cpp:644	2931-2940	crates/compiler/deeptools/src/schedule/ddc/shuffle.rs	ddc	crustify-ddc/cpp/ddc.cpp	GCVTF16F8MergeAction	-	-
e155_act	155/382	0	261	6	ddc/transformations/automatic_shuffle/shuffle.cpp:666	2950-2956	crates/compiler/deeptools/src/schedule/ddc/shuffle.rs	ddc	crustify-ddc/cpp/ddc.cpp	GCVTF16F8MergeAction	-	-
e156_contains	156/382	0	281	5	ddc/transformations/automatic_shuffle/shuffle.cpp:684	2966-2971	crates/compiler/deeptools/src/schedule/ddc/shuffle.rs	ddc	crustify-ddc/cpp/ddc.cpp	AbstractLayout	-	-
e157_get_node	157/382	0	265	11	ddc/transformations/automatic_shuffle/shuffle.cpp:717	2981-2993	crates/compiler/deeptools/src/schedule/ddc/shuffle.rs	ddc	crustify-ddc/cpp/ddc.cpp	AutoShuffler	-	-
e158_make_stick_number_key	158/382	0	375	14	ddc/transformations/automatic_shuffle/shuffle.cpp:730	3002-3016	crates/compiler/deeptools/src/schedule/ddc/shuffle.rs	ddc	crustify-ddc/cpp/ddc.cpp	-	-	-
e159_all_one	159/382	0	287	3	ddc/transformations/automatic_shuffle/shuffle.cpp:1043	3025-3028	crates/compiler/deeptools/src/schedule/ddc/shuffle.rs	ddc	crustify-ddc/cpp/ddc.cpp	-	-	-
e160_update_worklist	160/382	0	264	7	ddc/transformations/automatic_shuffle/shuffle.cpp:1139	3038-3045	crates/compiler/deeptools/src/schedule/ddc/shuffle.rs	ddc	crustify-ddc/cpp/ddc.cpp	AutoShuffler	-	-
e161_codegen_psuedocode	161/382	0	380	42	ddc/transformations/automatic_shuffle/shuffle.cpp:1224	3055-3099	crates/compiler/deeptools/src/schedule/ddc/shuffle.rs	ddc	crustify-ddc/cpp/ddc.cpp	AutoShuffler	-	-
e162_getDefaultSymbols	162/382	0	381	8	ddc/transformations/automatic_shuffle/shuffle.h:48	3109-3117	crates/compiler/deeptools/src/schedule/ddc/shuffle.rs	ddc	crustify-ddc/cpp/ddc.cpp	DimSymbol	-	-
e163_constexpr	163/382	0	376	3	ddc/transformations/automatic_shuffle/shuffle.h:160	3127-3130	crates/compiler/deeptools/src/schedule/ddc/shuffle.rs	ddc	crustify-ddc/cpp/ddc.cpp	std	-	-
e164_insert_before	164/382	0	291	7	ddc/transformations/automatic_shuffle/shuffle.h:175	3140-3148	crates/compiler/deeptools/src/schedule/ddc/shuffle.rs	ddc	crustify-ddc/cpp/ddc.cpp	DataEdge	-	-
e165_initialize	165/382	0	354	10	ddc/ddl/Dialect/DdlOps.cpp:33	32-42	crates/compiler/deeptools/src/schedule/ddl/ops.rs	ddl	crustify-ddc/cpp/ddl.cpp	DdlDialect	-	-
e166_verify	166/382	0	355	30	ddc/ddl/Dialect/DdlOps.cpp:59	52-82	crates/compiler/deeptools/src/schedule/ddl/ops.rs	ddl	crustify-ddc/cpp/ddl.cpp	ForceInnermostDimensionsOp	-	-
e167_verify	167/382	0	356	25	ddc/ddl/Dialect/DdlOps.cpp:109	92-117	crates/compiler/deeptools/src/schedule/ddl/ops.rs	ddl	crustify-ddc/cpp/ddl.cpp	ComputeOp	-	-
e168_verify	168/382	0	357	16	ddc/ddl/Dialect/DdlOps.cpp:149	127-143	crates/compiler/deeptools/src/schedule/ddl/ops.rs	ddl	crustify-ddc/cpp/ddl.cpp	DatatypeOp	-	-
e169_verify	169/382	0	359	7	ddc/ddl/Dialect/DdlOps.cpp:195	153-160	crates/compiler/deeptools/src/schedule/ddl/ops.rs	ddl	crustify-ddc/cpp/ddl.cpp	ImplicitSyncOp	-	-
e170_parse	170/382	0	360	72	ddc/ddl/Dialect/DdlOps.cpp:220	170-243	crates/compiler/deeptools/src/schedule/ddl/ops.rs	ddl	crustify-ddc/cpp/ddl.cpp	AllocateOp	-	-
e171_performActions	171/382	0	341	22	ddc/ddl/ddl.cpp:36	252-275	crates/compiler/deeptools/src/schedule/ddl/mod.rs	ddl	crustify-ddc/cpp/ddl.cpp	-	-	-
e172_processTypes	172/382	0	339	24	ddc/ddl/ddl_conversion.cpp:447	285-310	crates/compiler/deeptools/src/schedule/ddl/conversion.rs	ddl	crustify-ddc/cpp/ddl.cpp	DdlConversion	-	-
e173_addInternalTensor	173/382	0	327	107	ddc/ddl/ddl_conversion.cpp:473	320-428	crates/compiler/deeptools/src/schedule/ddl/conversion.rs	ddl	crustify-ddc/cpp/ddl.cpp	DdlConversion	-	-
e174_processExpression	174/382	0	324	10	ddc/ddl/ddl_conversion.cpp:2072	438-448	crates/compiler/deeptools/src/schedule/ddl/conversion.rs	ddl	crustify-ddc/cpp/ddl.cpp	DdlConversion	-	-
e175_getTensorProp	175/382	0	325	26	ddc/ddl/ddl_conversion.cpp:2083	458-484	crates/compiler/deeptools/src/schedule/ddl/conversion.rs	ddl	crustify-ddc/cpp/ddl.cpp	DdlInterface	-	-
e176_getTensor	176/382	0	115	20	ddc/ddl/ddl_conversion.cpp:2825	494-515	crates/compiler/deeptools/src/schedule/ddl/conversion.rs	ddl	crustify-ddc/cpp/ddl.cpp	DdlConversion	-	-
e177_dump	177/382	0	331	23	ddc/ddl/ddl_conversion.cpp:3509	525-548	crates/compiler/deeptools/src/schedule/ddl/conversion.rs	ddl	crustify-ddc/cpp/ddl.cpp	DimProp	-	-
e178_getAccessPattern	178/382	0	202	8	ddc/ddl/ddl_conversion.cpp:3619	558-567	crates/compiler/deeptools/src/schedule/ddl/conversion.rs	ddl	crustify-ddc/cpp/ddl.cpp	DataTransfer	-	-
e179_getAccessPatternAsStr	179/382	0	349	14	ddc/ddl/ddl_conversion.cpp:3629	577-592	crates/compiler/deeptools/src/schedule/ddl/conversion.rs	ddl	crustify-ddc/cpp/ddl.cpp	DataTransfer	-	-
e180_checkAccessPattern	180/382	0	361	34	ddc/ddl/ddl_conversion.cpp:3648	602-640	crates/compiler/deeptools/src/schedule/ddl/conversion.rs	ddl	crustify-ddc/cpp/ddl.cpp	DdlConversion	-	-
e181_convertAccessPatternStrToDdcType	181/382	0	362	29	ddc/ddl/ddl_conversion.cpp:3687	649-679	crates/compiler/deeptools/src/schedule/ddl/conversion.rs	ddl	crustify-ddc/cpp/ddl.cpp	-	-	-
e182_convertAccessPatternStrToDdcType	182/382	0	363	7	ddc/ddl/ddl_conversion.cpp:3718	688-696	crates/compiler/deeptools/src/schedule/ddl/conversion.rs	ddl	crustify-ddc/cpp/ddl.cpp	-	-	-
e183_dump	183/382	0	330	13	ddc/ddl/ddl_conversion.cpp:3756	706-719	crates/compiler/deeptools/src/schedule/ddl/conversion.rs	ddl	crustify-ddc/cpp/ddl.cpp	DataTransfer	-	-
e184_setMetaDimKind	184/382	0	334	7	ddc/ddl/ddl_conversion.h:317	729-736	crates/compiler/deeptools/src/schedule/ddl/conversion.rs	ddl	crustify-ddc/cpp/ddl.cpp	DimProp	-	-
e185_isMetaDim	185/382	0	337	5	ddc/ddl/ddl_conversion.h:329	746-751	crates/compiler/deeptools/src/schedule/ddl/conversion.rs	ddl	crustify-ddc/cpp/ddl.cpp	DimProp	-	-
e186_getNonPaddedDimProp	186/382	0	365	5	ddc/ddl/ddl_conversion.h:351	761-766	crates/compiler/deeptools/src/schedule/ddl/conversion.rs	ddl	crustify-ddc/cpp/ddl.cpp	DdlInterface	-	-
e187_clear	187/382	0	5	4	ddc/ddl/ddl_conversion.h:458	776-780	crates/compiler/deeptools/src/schedule/ddl/conversion.rs	ddl	crustify-ddc/cpp/ddl.cpp	DdlInterface	-	-
e188_runDcgComputeTransfer	188/382	0	151	13	dcg/dcg_manager/dcg_manager.cpp:112	32-45	crates/compiler/deeptools/src/schedule/dcg/manager.rs	dcg	crustify-ddc/cpp/dcg.cpp	DcgManager	-	-
e189_runDcgForDlOps	189/382	0	154	52	dcg/dcg_manager/dcg_manager.cpp:216	55-107	crates/compiler/deeptools/src/schedule/dcg/manager.rs	dcg	crustify-ddc/cpp/dcg.cpp	DcgManager	-	-
e190_runDcgForDlOpsStandalone	190/382	0	158	64	dcg/dcg_manager/dcg_manager.cpp:449	117-181	crates/compiler/deeptools/src/schedule/dcg/manager.rs	dcg	crustify-ddc/cpp/dcg.cpp	DcgManager	-	-
e191_removeextraPTrows	191/382	0	152	60	dcg/dcg_manager/dcg_manager.cpp:568	191-251	crates/compiler/deeptools/src/schedule/dcg/manager.rs	dcg	crustify-ddc/cpp/dcg.cpp	DcgManager	-	-
e192_printSenProgram	192/382	0	162	16	dcg/dcg_manager/dcg_manager.cpp:959	261-279	crates/compiler/deeptools/src/schedule/dcg/manager.rs	dcg	crustify-ddc/cpp/dcg.cpp	DcgManager	-	-
e193_runDcgForGenKG3	193/382	0	163	3	dcg/dcg_manager/dcg_manager.h:94	289-292	crates/compiler/deeptools/src/schedule/dcg/manager.rs	dcg	crustify-ddc/cpp/dcg.cpp	DcgManager	-	-
e194_runDcgForSparseKG3CONV2D	194/382	0	164	3	dcg/dcg_manager/dcg_manager.h:98	302-305	crates/compiler/deeptools/src/schedule/dcg/manager.rs	dcg	crustify-ddc/cpp/dcg.cpp	DcgManager	-	-
e195_runDcgForSparseKG3BMM	195/382	0	165	3	dcg/dcg_manager/dcg_manager.h:102	315-318	crates/compiler/deeptools/src/schedule/dcg/manager.rs	dcg	crustify-ddc/cpp/dcg.cpp	DcgManager	-	-
e196_printTrafficPerCore	196/382	0	166	3	dcg/dcg_manager/dcg_manager.h:120	328-331	crates/compiler/deeptools/src/schedule/dcg/manager.rs	dcg	crustify-ddc/cpp/dcg.cpp	DcgManager	-	-
e197_getCoreletSplitDimensions	197/382	1	3	15	dcg/dcg_fe/scheduler/L3DlOpsScheduler.cpp:88	2006-2022	crates/compiler/deeptools/src/schedule/l3/dl_ops.rs	l3	crustify-ddc/cpp/l3.cpp	-	e003_isDimensionCoreletSplit	-
e198_addOrUpdatePaddingSizesInChunkParams	198/382	1	8	6	dcg/dcg_fe/scheduler/L3DlOpsScheduler.cpp:150	2031-2038	crates/compiler/deeptools/src/schedule/l3/dl_ops.rs	l3	crustify-ddc/cpp/l3.cpp	-	e004_voidPaddingIfChunking	-
e199_getLabeledDsNumOfWkSlices	199/382	1	11	49	dcg/dcg_fe/scheduler/L3DlOpsScheduler.cpp:219	2047-2098	crates/compiler/deeptools/src/schedule/l3/dl_ops.rs	l3	crustify-ddc/cpp/l3.cpp	-	e002_isLabeledDsDimensionBroadcast	-
e200_getLxNeighborLabeledDsIndicesSet	200/382	1	20	7	dcg/dcg_fe/scheduler/L3DlOpsScheduler.cpp:396	2108-2117	crates/compiler/deeptools/src/schedule/l3/dl_ops.rs	l3	crustify-ddc/cpp/l3.cpp	L3DlOpsScheduler	e014_isLabeledDsLXNeighbor	-
e201_computeLdsAllocateSiblingLoopNode	201/382	1	22	55	dcg/dcg_fe/scheduler/L3DlOpsScheduler.cpp:435	2127-2186	crates/compiler/deeptools/src/schedule/l3/dl_ops.rs	l3	crustify-ddc/cpp/l3.cpp	L3DlOpsScheduler	e014_isLabeledDsLXNeighbor,e056_isIndexLds	-
e202_computeLdsTransferSiblingLoopNode	202/382	1	23	32	dcg/dcg_fe/scheduler/L3DlOpsScheduler.cpp:495	2196-2232	crates/compiler/deeptools/src/schedule/l3/dl_ops.rs	l3	crustify-ddc/cpp/l3.cpp	L3DlOpsScheduler	e014_isLabeledDsLXNeighbor,e056_isIndexLds	-
e203_getOpFuncDataFormat	203/382	1	31	49	dcg/dcg_fe/scheduler/L3DlOpsScheduler.cpp:670	2242-2292	crates/compiler/deeptools/src/schedule/l3/dl_ops.rs	l3	crustify-ddc/cpp/l3.cpp	L3DlOpsScheduler	e021_getOpFuncName	-
e204_isOpFuncConv2d	204/382	1	35	15	dcg/dcg_fe/scheduler/L3DlOpsScheduler.cpp:753	2302-2317	crates/compiler/deeptools/src/schedule/l3/dl_ops.rs	l3	crustify-ddc/cpp/l3.cpp	L3DlOpsScheduler	e023_isOpFuncConv2dInt4,e024_isOpFuncConv2dOs1	-
e205_isOpFuncBmm	205/382	1	41	5	dcg/dcg_fe/scheduler/L3DlOpsScheduler.cpp:804	2327-2332	crates/compiler/deeptools/src/schedule/l3/dl_ops.rs	l3	crustify-ddc/cpp/l3.cpp	L3DlOpsScheduler	e025_isOpFuncBmmInt4,e026_isOpFuncBmmInt8,e027_isOpFuncBmmFp8NonXrf,e028_isOpFuncBmmFp8Xrf,e029_isOpFuncBmmFp16	-
e206_getMinParamBmm	206/382	1	51	80	dcg/dcg_fe/scheduler/L3DlOpsScheduler.cpp:925	2342-2424	crates/compiler/deeptools/src/schedule/l3/dl_ops.rs	l3	crustify-ddc/cpp/l3.cpp	L3DlOpsScheduler	e025_isOpFuncBmmInt4,e026_isOpFuncBmmInt8,e027_isOpFuncBmmFp8NonXrf,e028_isOpFuncBmmFp8Xrf,e029_isOpFuncBmmFp16	-
e207_generateDscParamCandidates	207/382	1	62	204	dcg/dcg_fe/scheduler/L3DlOpsScheduler.cpp:1172	2434-2643	crates/compiler/deeptools/src/schedule/l3/dl_ops.rs	l3	crustify-ddc/cpp/l3.cpp	L3DlOpsScheduler	e003_isDimensionCoreletSplit,e009_getStickSize,e056_isIndexLds,e059_getPagedDimensions	-
e208_getLdsL3TransferNodes	208/382	1	68	34	dcg/dcg_fe/scheduler/L3DlOpsScheduler.cpp:1571	2653-2690	crates/compiler/deeptools/src/schedule/l3/dl_ops.rs	l3	crustify-ddc/cpp/l3.cpp	L3DlOpsScheduler	e014_isLabeledDsLXNeighbor	-
e209_getLabeledDsChunkStickVolume	209/382	1	76	64	dcg/dcg_fe/scheduler/L3DlOpsScheduler.cpp:1628	2700-2765	crates/compiler/deeptools/src/schedule/l3/dl_ops.rs	l3	crustify-ddc/cpp/l3.cpp	L3DlOpsScheduler	e009_getStickSize,e056_isIndexLds	-
e210_isOpCrossCoreReduction	210/382	1	58	7	dcg/dcg_fe/scheduler/L3DlOpsScheduler.cpp:2734	2775-2783	crates/compiler/deeptools/src/schedule/l3/dl_ops.rs	l3	crustify-ddc/cpp/l3.cpp	L3DlOpsScheduler	e044_getOpReducedDimSet	-
e211_getInsertionNode	211/382	1	88	89	dcg/dcg_fe/scheduler/L3DlOpsScheduler.cpp:3376	2793-2884	crates/compiler/deeptools/src/schedule/l3/dl_ops.rs	l3	crustify-ddc/cpp/l3.cpp	L3DlOpsScheduler	e104_clear,e187_clear	-
e212_addL3LUAndLXLUSyncNodeSequence	212/382	1	89	45	dcg/dcg_fe/scheduler/L3DlOpsScheduler.cpp:3912	2894-2940	crates/compiler/deeptools/src/schedule/l3/dl_ops.rs	l3	crustify-ddc/cpp/l3.cpp	L3DlOpsScheduler	e020_createSyncNode	-
e213_addL3LUAndLXLUSoftSyncNodeSequence	213/382	1	90	26	dcg/dcg_fe/scheduler/L3DlOpsScheduler.cpp:3959	2950-2977	crates/compiler/deeptools/src/schedule/l3/dl_ops.rs	l3	crustify-ddc/cpp/l3.cpp	L3DlOpsScheduler	e020_createSyncNode	-
e214_optimizeHbmLdsOutputInScheduleTree	214/382	1	94	94	dcg/dcg_fe/scheduler/L3DlOpsScheduler.cpp:4018	2987-3081	crates/compiler/deeptools/src/schedule/l3/dl_ops.rs	l3	crustify-ddc/cpp/l3.cpp	L3DlOpsScheduler	e015_getParentLoopNodes,e072_getTripCount	-
e215_buildScheduleDimensionsTable	215/382	1	98	103	dcg/dcg_fe/scheduler/L3DlOpsScheduler.cpp:4236	3091-3196	crates/compiler/deeptools/src/schedule/l3/dl_ops.rs	l3	crustify-ddc/cpp/l3.cpp	L3DlOpsScheduler	e007_scheduleDimTypeToString,e056_isIndexLds	-
e216_buildLoopOrder	216/382	1	101	231	dcg/dcg_fe/scheduler/L3DlOpsScheduler.cpp:4377	3206-3440	crates/compiler/deeptools/src/schedule/l3/dl_ops.rs	l3	crustify-ddc/cpp/l3.cpp	L3DlOpsScheduler	e011_getLabeledDsWithDsType,e014_isLabeledDsLXNeighbor,e052_verifyLoopOrder,e056_isIndexLds,e059_getPagedDimensions,e138_swap	-
e217_createChunkLoopNodes	217/382	1	97	58	dcg/dcg_fe/scheduler/L3DlOpsScheduler.cpp:4612	3450-3510	crates/compiler/deeptools/src/schedule/l3/dl_ops.rs	l3	crustify-ddc/cpp/l3.cpp	L3DlOpsScheduler	e018_createLoopNode,e019_createBlockNode,e058_getNewDataStageIndex	-
e218_setCondGtr	218/382	1	104	114	dcg/dcg_fe/scheduler/L3DlOpsScheduler.cpp:4721	3520-3638	crates/compiler/deeptools/src/schedule/l3/dl_ops.rs	l3	crustify-ddc/cpp/l3.cpp	L3DlOpsScheduler	e010_getCoreSplitDimensions,e017_createTransferNode,e048_getSharesAndGroupName	-
e219_fillFinalStartAddressAndOffset	219/382	1	107	137	dcg/dcg_fe/scheduler/L3DlOpsScheduler.cpp:4959	3648-3787	crates/compiler/deeptools/src/schedule/l3/dl_ops.rs	l3	crustify-ddc/cpp/l3.cpp	L3DlOpsScheduler	e050_getInitialStartAddressAndOffset	-
e220_fillIBRStartAddressAndOffset	220/382	1	108	43	dcg/dcg_fe/scheduler/L3DlOpsScheduler.cpp:5100	3797-3842	crates/compiler/deeptools/src/schedule/l3/dl_ops.rs	l3	crustify-ddc/cpp/l3.cpp	L3DlOpsScheduler	e056_isIndexLds	-
e221_fillTransferZeroPaddingInfo	221/382	1	111	196	dcg/dcg_fe/scheduler/L3DlOpsScheduler.cpp:5296	3852-4048	crates/compiler/deeptools/src/schedule/l3/dl_ops.rs	l3	crustify-ddc/cpp/l3.cpp	L3DlOpsScheduler	e059_getPagedDimensions	-
e222_allocAllMem	222/382	1	72	236	dcg/dcg_fe/scheduler/L3DlOpsScheduler.cpp:5508	4061-4299	crates/compiler/deeptools/src/schedule/l3/dl_ops.rs	l3	crustify-ddc/cpp/l3.cpp	L3DlOpsScheduler	e051_getLdsOrConstNameOfAllocNode	The L3 scheduler's own allocation commit (distinct from Ddc::allocAllMem at ddc/ddcv1.cpp:132 -- two different functions with the same name; the unit number disambiguates).
e223_getHbmLdsTransferHMIRequestEstimate	223/382	1	121	30	dcg/dcg_fe/scheduler/L3DlOpsScheduler.cpp:6452	4309-4340	crates/compiler/deeptools/src/schedule/l3/dl_ops.rs	l3	crustify-ddc/cpp/l3.cpp	L3DlOpsScheduler	e055_computeMinHMICoreGroupSizeForSEN1P5	-
e224_getAllPagedLdsIndices	224/382	1	124	8	dcg/dcg_fe/scheduler/L3DlOpsScheduler.cpp:6731	4350-4359	crates/compiler/deeptools/src/schedule/l3/dl_ops.rs	l3	crustify-ddc/cpp/l3.cpp	L3DlOpsScheduler	e057_isPagedLds	-
e225_createPagedDimChunkLoops	225/382	1	126	62	dcg/dcg_fe/scheduler/L3DlOpsScheduler.cpp:6804	4369-4434	crates/compiler/deeptools/src/schedule/l3/dl_ops.rs	l3	crustify-ddc/cpp/l3.cpp	L3DlOpsScheduler	e018_createLoopNode	-
e226_createStoreIndexTensorToIbr	226/382	1	128	62	dcg/dcg_fe/scheduler/L3DlOpsScheduler.cpp:7037	4444-4509	crates/compiler/deeptools/src/schedule/l3/dl_ops.rs	l3	crustify-ddc/cpp/l3.cpp	L3DlOpsScheduler	e016_createAllocateNode,e017_createTransferNode,e020_createSyncNode	-
e227_convertTransferDirectToIndirect	227/382	1	127	45	dcg/dcg_fe/scheduler/L3DlOpsScheduler.cpp:7103	4519-4567	crates/compiler/deeptools/src/schedule/l3/dl_ops.rs	l3	crustify-ddc/cpp/l3.cpp	L3DlOpsScheduler	e018_createLoopNode	-
e228_buildCoordinateFromAllocation	228/382	1	138	181	dcg/dcg_fe/scheduler/L3DlOpsScheduler.cpp:7333	4577-4761	crates/compiler/deeptools/src/schedule/l3/dl_ops.rs	l3	crustify-ddc/cpp/l3.cpp	L3DlOpsScheduler	e061_gatherFoldParams,e062_getEnclosingLoopsAndRelatedDims,e063_findAndStoreLoopWithDim	-
e229_sliceCoordinateForCorelet	229/382	1	141	203	dcg/dcg_fe/scheduler/L3DlOpsScheduler.cpp:7518	4771-4976	crates/compiler/deeptools/src/schedule/l3/dl_ops.rs	l3	crustify-ddc/cpp/l3.cpp	L3DlOpsScheduler	e046_getLxBelowBlockNode,e061_gatherFoldParams,e064_constructDatastage,e065_constructLoopNode	-
e230_addPropInfo	230/382	1	168	4	ddc/ddc.h:430	3158-3163	crates/compiler/deeptools/src/schedule/ddc/mod.rs	ddc	crustify-ddc/cpp/ddc.cpp	CoordPropTracker	e073_addPropInfo	-
e231_rollbackToPos	231/382	1	171	36	ddc/ddc.h:474	3173-3209	crates/compiler/deeptools/src/schedule/ddc/mod.rs	ddc	crustify-ddc/cpp/ddc.cpp	CoordPropTracker	e104_clear	-
e232_reset	232/382	1	173	5	ddc/ddc.h:528	3219-3224	crates/compiler/deeptools/src/schedule/ddc/mod.rs	ddc	crustify-ddc/cpp/ddc.cpp	CoordPropTracker	e104_clear	-
e233_dbgPrint	233/382	1	177	11	ddc/ddc_fold.cpp:63	3233-3244	crates/compiler/deeptools/src/schedule/ddc/fold.rs	ddc	crustify-ddc/cpp/ddc.cpp	-	e078_dbgPrint,e079_dbgPrint	-
e234_scaleUpCoord	234/382	1	191	118	ddc/ddc_fold.cpp:476	3254-3375	crates/compiler/deeptools/src/schedule/ddc/fold.rs	ddc	crustify-ddc/cpp/ddc.cpp	Ddc	e062_getEnclosingLoopsAndRelatedDims,e095_gatherFoldParams	-
e235_scaleDownCoord	235/382	1	192	87	ddc/ddc_fold.cpp:598	3385-3474	crates/compiler/deeptools/src/schedule/ddc/fold.rs	ddc	crustify-ddc/cpp/ddc.cpp	Ddc	e095_gatherFoldParams	-
e236_needNonRowBundling	236/382	1	193	50	ddc/ddc_fold.cpp:688	3484-3535	crates/compiler/deeptools/src/schedule/ddc/fold.rs	ddc	crustify-ddc/cpp/ddc.cpp	Ddc	e082_getCompRowId,e083_getComponent,e087_findCommonAncestor	-
e237_sameCoordinateRange	237/382	1	194	252	ddc/ddc_fold.cpp:1260	3545-3803	crates/compiler/deeptools/src/schedule/ddc/fold.rs	ddc	crustify-ddc/cpp/ddc.cpp	Ddc	e090_combineContigousLevels,e095_gatherFoldParams,e104_clear	-
e238_getRelatedComputeCoord	238/382	1	205	129	ddc/ddc_fold.cpp:1976	3813-3945	crates/compiler/deeptools/src/schedule/ddc/fold.rs	ddc	crustify-ddc/cpp/ddc.cpp	Ddc	e104_clear	-
e239_computeParamsForRowSplitFold	239/382	1	200	60	ddc/ddc_fold.cpp:2161	3955-4017	crates/compiler/deeptools/src/schedule/ddc/fold.rs	ddc	crustify-ddc/cpp/ddc.cpp	Ddc	e094_getDefaultRowSplitFold	-
e240_buildFoldForExternalAllocation	240/382	1	210	156	ddc/ddc_fold.cpp:2238	4027-4183	crates/compiler/deeptools/src/schedule/ddc/fold.rs	ddc	crustify-ddc/cpp/ddc.cpp	Ddc	e062_getEnclosingLoopsAndRelatedDims,e081_buildFoldForBroadcastDim,e093_buildSpatialFold	-
e241_relateLoopsToAllocElemArr	241/382	1	199	166	ddc/ddc_fold.cpp:2872	4193-4363	crates/compiler/deeptools/src/schedule/ddc/fold.rs	ddc	crustify-ddc/cpp/ddc.cpp	Ddc	e091_matchDataStream,e095_gatherFoldParams	-
e242_canUseFifo	242/382	1	221	270	ddc/ddc_transformation.cpp:15	4373-4644	crates/compiler/deeptools/src/schedule/ddc/transformation.rs	ddc	crustify-ddc/cpp/ddc.cpp	Ddc	e117_getNodeDescription	-
e243_canUseLatch	243/382	1	222	321	ddc/ddc_transformation.cpp:287	4654-4976	crates/compiler/deeptools/src/schedule/ddc/transformation.rs	ddc	crustify-ddc/cpp/ddc.cpp	Ddc	e117_getNodeDescription	-
e244_cloneForOffsetAdjustment	244/382	1	241	8	ddc/ddc_transformation.cpp:1386	4986-4994	crates/compiler/deeptools/src/schedule/ddc/transformation.rs	ddc	crustify-ddc/cpp/ddc.cpp	Ddc	e108_cloneComputeForOffsetAdjustment	-
e245_setSizeForFixedSizeTransfers	245/382	1	256	34	ddc/ddc_transformation.cpp:1731	5004-5038	crates/compiler/deeptools/src/schedule/ddc/transformation.rs	ddc	crustify-ddc/cpp/ddc.cpp	Ddc	e104_clear	-
e246_transformForInterSliceRestickify	246/382	1	294	28	ddc/ddc_transformation.cpp:2398	5048-5076	crates/compiler/deeptools/src/schedule/ddc/transformation.rs	ddc	crustify-ddc/cpp/ddc.cpp	Ddc	e109_transformAComputeNodeForInterSliceRestickify	-
e247_splitLoopBandOnDim	247/382	1	249	123	ddc/ddc_transformation_util.cpp:159	5086-5213	crates/compiler/deeptools/src/schedule/ddc/transformation_util.rs	ddc	crustify-ddc/cpp/ddc.cpp	Ddc	e114_constructLoopNode	-
e248_splitLoopBandOnDatastage	248/382	1	237	30	ddc/ddc_transformation_util.cpp:287	5223-5253	crates/compiler/deeptools/src/schedule/ddc/transformation_util.rs	ddc	crustify-ddc/cpp/ddc.cpp	Ddc	e112_constructDatastage,e113_constructDatastage,e114_constructLoopNode	-
e249_moveTransferNode	249/382	1	250	372	ddc/ddc_transformation_util.cpp:335	5263-5636	crates/compiler/deeptools/src/schedule/ddc/transformation_util.rs	ddc	crustify-ddc/cpp/ddc.cpp	Ddc	e104_clear	-
e250_convertResultFromFIFOtoReg	250/382	1	248	148	ddc/ddc_transformation_util.cpp:760	5646-5794	crates/compiler/deeptools/src/schedule/ddc/transformation_util.rs	ddc	crustify-ddc/cpp/ddc.cpp	Ddc	e110_constructAllocation,e116_getPaddingPerDim	-
e251_unrollTransfer	251/382	1	235	72	ddc/ddc_transformation_util.cpp:1120	5804-5876	crates/compiler/deeptools/src/schedule/ddc/transformation_util.rs	ddc	crustify-ddc/cpp/ddc.cpp	Ddc	e104_clear,e112_constructDatastage,e113_constructDatastage,e114_constructLoopNode	-
e252_unrollTransferForSymbolicDims	252/382	1	253	110	ddc/ddc_transformation_util.cpp:1193	5886-5998	crates/compiler/deeptools/src/schedule/ddc/transformation_util.rs	ddc	crustify-ddc/cpp/ddc.cpp	Ddc	e112_constructDatastage,e113_constructDatastage,e114_constructLoopNode	-
e253_srcRelatedToExternalNodes	253/382	1	295	4	ddc/ddc_transformation_util.cpp:1687	6008-6013	crates/compiler/deeptools/src/schedule/ddc/transformation_util.rs	ddc	crustify-ddc/cpp/ddc.cpp	Ddc	e120_storageOrDatastreamIsExternal	-
e254_destRelatedToExternalNodes	254/382	1	224	5	ddc/ddc_transformation_util.cpp:1693	6023-6029	crates/compiler/deeptools/src/schedule/ddc/transformation_util.rs	ddc	crustify-ddc/cpp/ddc.cpp	Ddc	e120_storageOrDatastreamIsExternal	-
e255_inputRelatedToExternalNodes	255/382	1	297	11	ddc/ddc_transformation_util.cpp:1717	6039-6051	crates/compiler/deeptools/src/schedule/ddc/transformation_util.rs	ddc	crustify-ddc/cpp/ddc.cpp	Ddc	e120_storageOrDatastreamIsExternal	-
e256_outputRelatedToExternalNodes	256/382	1	298	11	ddc/ddc_transformation_util.cpp:1730	6061-6073	crates/compiler/deeptools/src/schedule/ddc/transformation_util.rs	ddc	crustify-ddc/cpp/ddc.cpp	Ddc	e120_storageOrDatastreamIsExternal	-
e257_addNewLds	257/382	1	236	107	ddc/ddc_transformation_util.cpp:1811	6083-6190	crates/compiler/deeptools/src/schedule/ddc/transformation_util.rs	ddc	crustify-ddc/cpp/ddc.cpp	Ddc	e104_clear	-
e258_allocAllMem	258/382	1	304	306	ddc/ddcv1.cpp:132	6204-6510	crates/compiler/deeptools/src/schedule/ddc/v1.rs	ddc	crustify-ddc/cpp/ddc.cpp	Ddc	e124_getLdsOrConstNameOfAllocNode	SUPERSEDES HAND-TRANSCRIBED GUESSWORK: crates/compiler/deeptools/src/reginit.rs (1,569 lines, on the integ branch) hand-computes placement from ddc/ddcv1.cpp:132-360 -- THIS function. Port what the authority does, not what reginit.rs guessed; the two will be reconciled when this campaign and integ meet, and the authority wins.
e259_calculateClStartAddress	259/382	1	312	123	ddc/ddcv1.cpp:1895	6521-6644	crates/compiler/deeptools/src/schedule/ddc/v1.rs	ddc	crustify-ddc/cpp/ddc.cpp	Ddc	e104_clear	PLACES ADDRESSES. Part of the span reginit.rs hand-transcribes.
e260_fillLoopOffsetsAndAddresses	260/382	1	316	844	ddc/ddcv1.cpp:2355	6654-7499	crates/compiler/deeptools/src/schedule/ddc/v1.rs	ddc	crustify-ddc/cpp/ddc.cpp	Ddc	e076_print,e102_print,e104_clear	-
e261_finalizeOps	261/382	1	318	127	ddc/ddcv1.cpp:3329	7511-7638	crates/compiler/deeptools/src/schedule/ddc/v1.rs	ddc	crustify-ddc/cpp/ddc.cpp	Ddc	e131_setPeFoldsIfPtInteraction	Binds register names to allocation start addresses (ddcv1.cpp:3345-3392) -- the `R + std::to_string(startAddress)` convention our islands already read back.
e262_coordinateMasking	262/382	1	320	181	ddc/ddcv1.cpp:3485	7648-7829	crates/compiler/deeptools/src/schedule/ddc/v1.rs	ddc	crustify-ddc/cpp/ddc.cpp	Ddc	e104_clear	-
e263_identifyBelowChunkBoundaryLoops	263/382	1	323	8	ddc/ddcv1.cpp:3683	7839-7847	crates/compiler/deeptools/src/schedule/ddc/v1.rs	ddc	crustify-ddc/cpp/ddc.cpp	Ddc	e104_clear	-
e264_bin_op	264/382	1	367	19	ddc/transformations/automatic_shuffle/shuffle.cpp:137	7856-7876	crates/compiler/deeptools/src/schedule/ddc/shuffle.rs	ddc	crustify-ddc/cpp/ddc.cpp	-	e139_packmerge_psuedostring	-
e265_unary_op	265/382	1	368	17	ddc/transformations/automatic_shuffle/shuffle.cpp:160	7885-7902	crates/compiler/deeptools/src/schedule/ddc/shuffle.rs	ddc	crustify-ddc/cpp/ddc.cpp	-	e139_packmerge_psuedostring	-
e266_canonicalize_layout	266/382	1	282	18	ddc/transformations/automatic_shuffle/shuffle.cpp:690	7912-7931	crates/compiler/deeptools/src/schedule/ddc/shuffle.rs	ddc	crustify-ddc/cpp/ddc.cpp	AutoShuffler	e156_contains	-
e267_reset_graph	267/382	1	280	6	ddc/transformations/automatic_shuffle/shuffle.cpp:710	7941-7947	crates/compiler/deeptools/src/schedule/ddc/shuffle.rs	ddc	crustify-ddc/cpp/ddc.cpp	AutoShuffler	e104_clear	-
e268_sort_by_stick_key	268/382	1	377	15	ddc/transformations/automatic_shuffle/shuffle.cpp:746	7956-7973	crates/compiler/deeptools/src/schedule/ddc/shuffle.rs	ddc	crustify-ddc/cpp/ddc.cpp	-	e163_constexpr	-
e269_check_single_inorder_accesses	269/382	1	378	17	ddc/transformations/automatic_shuffle/shuffle.cpp:767	7982-8002	crates/compiler/deeptools/src/schedule/ddc/shuffle.rs	ddc	crustify-ddc/cpp/ddc.cpp	-	e163_constexpr	-
e270_inferLayouts	270/382	1	289	90	ddc/transformations/automatic_shuffle/shuffle.cpp:1047	8012-8103	crates/compiler/deeptools/src/schedule/ddc/shuffle.rs	ddc	crustify-ddc/cpp/ddc.cpp	AutoShuffler	e137_int_log2,e159_all_one	-
e271_verify	271/382	1	358	7	ddc/ddl/Dialect/DdlOps.cpp:178	790-797	crates/compiler/deeptools/src/schedule/ddl/ops.rs	ddl	crustify-ddc/cpp/ddl.cpp	OperationBindOp	e021_getOpFuncName	-
e272_print	272/382	1	116	19	ddc/ddl/Dialect/DdlOps.cpp:305	807-826	crates/compiler/deeptools/src/schedule/ddl/ops.rs	ddl	crustify-ddc/cpp/ddl.cpp	AllocateOp	e176_getTensor	-
e273_processBuffer	273/382	1	342	13	ddc/ddl/ddl.cpp:62	835-850	crates/compiler/deeptools/src/schedule/ddl/mod.rs	ddl	crustify-ddc/cpp/ddl.cpp	-	e171_performActions	-
e274_processDimensionOp	274/382	1	335	22	ddc/ddl/ddl_conversion.cpp:187	860-883	crates/compiler/deeptools/src/schedule/ddl/conversion.rs	ddl	crustify-ddc/cpp/ddl.cpp	DdlConversion	e184_setMetaDimKind	-
e275_processCondition	275/382	1	326	234	ddc/ddl/ddl_conversion.cpp:211	893-1128	crates/compiler/deeptools/src/schedule/ddl/conversion.rs	ddl	crustify-ddc/cpp/ddl.cpp	DdlConversion	e174_processExpression,e175_getTensorProp,e176_getTensor,e187_clear	-
e276_verifyDdlConstraints	276/382	1	346	216	ddc/ddl/ddl_conversion.cpp:2553	1138-1354	crates/compiler/deeptools/src/schedule/ddl/conversion.rs	ddl	crustify-ddc/cpp/ddl.cpp	DdlConversion	e175_getTensorProp,e176_getTensor	-
e277_getTensorAndAllocation	277/382	1	348	31	ddc/ddl/ddl_conversion.cpp:2847	1364-1397	crates/compiler/deeptools/src/schedule/ddl/conversion.rs	ddl	crustify-ddc/cpp/ddl.cpp	DdlConversion	e176_getTensor	-
e278_checkMetaDimensions	278/382	1	338	81	ddc/ddl/ddl_conversion.cpp:3537	1407-1488	crates/compiler/deeptools/src/schedule/ddl/conversion.rs	ddl	crustify-ddc/cpp/ddl.cpp	DdlConversion	e185_isMetaDim	-
e279_processAccessPatterns	279/382	1	364	24	ddc/ddl/ddl_conversion.cpp:3727	1498-1526	crates/compiler/deeptools/src/schedule/ddl/conversion.rs	ddl	crustify-ddc/cpp/ddl.cpp	DdlConversion	e181_convertAccessPatternStrToDdcType,e182_convertAccessPatternStrToDdcType	-
e280_runDcgGenerateProgIR	280/382	1	153	70	dcg/dcg_manager/dcg_manager.cpp:145	341-411	crates/compiler/deeptools/src/schedule/dcg/manager.rs	dcg	crustify-ddc/cpp/dcg.cpp	DcgManager	e104_clear,e187_clear,e191_removeextraPTrows	-
e281_runDcgForInputFetchNeighbor	281/382	1	159	52	dcg/dcg_manager/dcg_manager.cpp:514	421-474	crates/compiler/deeptools/src/schedule/dcg/manager.rs	dcg	crustify-ddc/cpp/dcg.cpp	DcgManager	e104_clear,e187_clear	-
e282_mergePcfgInSuperDSC	282/382	1	155	259	dcg/dcg_manager/dcg_manager.cpp:635	484-746	crates/compiler/deeptools/src/schedule/dcg/manager.rs	dcg	crustify-ddc/cpp/dcg.cpp	DcgManager	e104_clear,e187_clear	-
e283_addOrUpdateCoreletSplitInParams	283/382	2	6	20	dcg/dcg_fe/scheduler/L3DlOpsScheduler.cpp:105	4985-5006	crates/compiler/deeptools/src/schedule/l3/dl_ops.rs	l3	crustify-ddc/cpp/l3.cpp	-	e104_clear,e187_clear,e197_getCoreletSplitDimensions	-
e284_isOpFuncStridedWindow	284/382	2	48	4	dcg/dcg_fe/scheduler/L3DlOpsScheduler.cpp:865	5016-5020	crates/compiler/deeptools/src/schedule/l3/dl_ops.rs	l3	crustify-ddc/cpp/l3.cpp	L3DlOpsScheduler	e032_isOpFuncPooling,e033_isOpFuncDepthwiseConv,e204_isOpFuncConv2d	-
e285_calculateBurstEfficiency	285/382	2	77	267	dcg/dcg_fe/scheduler/L3DlOpsScheduler.cpp:1738	5030-5298	crates/compiler/deeptools/src/schedule/l3/dl_ops.rs	l3	crustify-ddc/cpp/l3.cpp	L3DlOpsScheduler	e006_getLabeledDsWkSliceMulticastDegree,e010_getCoreSplitDimensions,e014_isLabeledDsLXNeighbor,e015_getParentLoopNodes,e042_getBurstEfficiency,e043_getLabeledDsNumOfStickVolumesInCore,e056_isIndexLds,e072_getTripCount,e199_getLabeledDsNumOfWkSlices,e208_getLdsL3TransferNodes,e209_getLabeledDsChunkStickVolume	-
e286_calculateFlopPerByte	286/382	2	70	230	dcg/dcg_fe/scheduler/L3DlOpsScheduler.cpp:2253	5308-5539	crates/compiler/deeptools/src/schedule/l3/dl_ops.rs	l3	crustify-ddc/cpp/l3.cpp	L3DlOpsScheduler	e010_getCoreSplitDimensions,e014_isLabeledDsLXNeighbor,e015_getParentLoopNodes,e072_getTripCount,e199_getLabeledDsNumOfWkSlices,e208_getLdsL3TransferNodes	-
e287_getCrossCoreReductionGroupInfo	287/382	2	81	27	dcg/dcg_fe/scheduler/L3DlOpsScheduler.cpp:2743	5549-5578	crates/compiler/deeptools/src/schedule/l3/dl_ops.rs	l3	crustify-ddc/cpp/l3.cpp	L3DlOpsScheduler	e044_getOpReducedDimSet,e066_addCore,e210_isOpCrossCoreReduction	-
e288_createSynchronizationDSC	288/382	2	91	423	dcg/dcg_fe/scheduler/L3DlOpsScheduler.cpp:3487	5588-6012	crates/compiler/deeptools/src/schedule/l3/dl_ops.rs	l3	crustify-ddc/cpp/l3.cpp	L3DlOpsScheduler	e012_getAllLabeledDsIndicesSet,e013_getHbmPinnedLabeledDsIndicesSet,e020_createSyncNode,e046_getLxBelowBlockNode,e200_getLxNeighborLabeledDsIndicesSet,e211_getInsertionNode,e212_addL3LUAndLXLUSyncNodeSequence,e213_addL3LUAndLXLUSoftSyncNodeSequence	-
e289_optimizeHbmTransfers	289/382	2	95	76	dcg/dcg_fe/scheduler/L3DlOpsScheduler.cpp:4113	6022-6098	crates/compiler/deeptools/src/schedule/l3/dl_ops.rs	l3	crustify-ddc/cpp/l3.cpp	L3DlOpsScheduler	e210_isOpCrossCoreReduction	-
e290_createChunkLoops	290/382	2	102	38	dcg/dcg_fe/scheduler/L3DlOpsScheduler.cpp:4190	6108-6146	crates/compiler/deeptools/src/schedule/l3/dl_ops.rs	l3	crustify-ddc/cpp/l3.cpp	L3DlOpsScheduler	e008_hasDimensionReuse,e047_collectAllDimensionsForLoopOrder,e215_buildScheduleDimensionsTable,e216_buildLoopOrder,e217_createChunkLoopNodes	-
e291_fillTransferMulticastInfo	291/382	2	109	127	dcg/dcg_fe/scheduler/L3DlOpsScheduler.cpp:5146	6156-6283	crates/compiler/deeptools/src/schedule/l3/dl_ops.rs	l3	crustify-ddc/cpp/l3.cpp	L3DlOpsScheduler	e015_getParentLoopNodes,e048_getSharesAndGroupName,e072_getTripCount,e218_setCondGtr	-
e292_fillAllocationStartAddrAndOffset	292/382	2	110	20	dcg/dcg_fe/scheduler/L3DlOpsScheduler.cpp:5274	6297-6318	crates/compiler/deeptools/src/schedule/l3/dl_ops.rs	l3	crustify-ddc/cpp/l3.cpp	L3DlOpsScheduler	e056_isIndexLds,e197_getCoreletSplitDimensions,e219_fillFinalStartAddressAndOffset,e220_fillIBRStartAddressAndOffset	THIS IS THE `start_address = 0` DEFECT. L3DlOpsScheduler::run calls this as "Set start address, offset in allocations" (L3DlOpsScheduler.cpp:8000). Our emitted views print start_address = 0 where the reference states a placed base. The effect of this function IS the port.
e293_setLxBufferType	293/382	2	122	26	dcg/dcg_fe/scheduler/L3DlOpsScheduler.cpp:6425	6328-6354	crates/compiler/deeptools/src/schedule/l3/dl_ops.rs	l3	crustify-ddc/cpp/l3.cpp	L3DlOpsScheduler	e223_getHbmLdsTransferHMIRequestEstimate	-
e294_createStoreIndexTensorToLx	294/382	2	129	85	dcg/dcg_fe/scheduler/L3DlOpsScheduler.cpp:6948	6364-6452	crates/compiler/deeptools/src/schedule/l3/dl_ops.rs	l3	crustify-ddc/cpp/l3.cpp	L3DlOpsScheduler	e016_createAllocateNode,e017_createTransferNode,e020_createSyncNode,e222_allocAllMem	-
e295_fillExplicitTransferSize	295/382	2	145	35	dcg/dcg_fe/scheduler/L3DlOpsScheduler.cpp:7875	6462-6497	crates/compiler/deeptools/src/schedule/l3/dl_ops.rs	l3	crustify-ddc/cpp/l3.cpp	L3DlOpsScheduler	e210_isOpCrossCoreReduction	-
e296_rollBackNodesInBlock	296/382	2	172	15	ddc/ddc.h:511	8113-8129	crates/compiler/deeptools/src/schedule/ddc/mod.rs	ddc	crustify-ddc/cpp/ddc.cpp	CoordPropTracker	e231_rollbackToPos	-
e297_gatherRelatedPTRowsBase	297/382	2	195	217	ddc/ddc_fold.cpp:740	8139-8357	crates/compiler/deeptools/src/schedule/ddc/fold.rs	ddc	crustify-ddc/cpp/ddc.cpp	Ddc	e082_getCompRowId,e084_getLayoutDimsFromNode,e091_matchDataStream,e104_clear,e237_sameCoordinateRange	-
e298_buildFoldFromAllocation	298/382	2	204	245	ddc/ddc_fold.cpp:3043	8367-8617	crates/compiler/deeptools/src/schedule/ddc/fold.rs	ddc	crustify-ddc/cpp/ddc.cpp	Ddc	e062_getEnclosingLoopsAndRelatedDims,e078_dbgPrint,e079_dbgPrint,e080_allDimsCovered,e095_gatherFoldParams,e233_dbgPrint,e239_computeParamsForRowSplitFold	-
e299_buildFoldFromNonAllocRef	299/382	2	203	355	ddc/ddc_fold.cpp:3294	8627-8988	crates/compiler/deeptools/src/schedule/ddc/fold.rs	ddc	crustify-ddc/cpp/ddc.cpp	Ddc	e080_allDimsCovered,e094_getDefaultRowSplitFold,e095_gatherFoldParams,e104_clear,e239_computeParamsForRowSplitFold	-
e300_packStickDim	300/382	2	239	544	ddc/ddc_transformation.cpp:811	8998-9542	crates/compiler/deeptools/src/schedule/ddc/transformation.rs	ddc	crustify-ddc/cpp/ddc.cpp	Ddc	e098_updateValues,e104_clear,e105_isReleventComputeToPackStickDim,e106_findReleventStickPackingTransfers,e107_isEligibleCompute,e112_constructDatastage,e113_constructDatastage,e114_constructLoopNode,e123_updateNodesWithNewLds,e248_splitLoopBandOnDatastage,e251_unrollTransfer,e257_addNewLds	-
e301_hoistTransfersUpForReuse	301/382	2	252	230	ddc/ddc_transformation.cpp:1432	9552-9782	crates/compiler/deeptools/src/schedule/ddc/transformation.rs	ddc	crustify-ddc/cpp/ddc.cpp	Ddc	e104_clear,e115_collectLoopReferences,e116_getPaddingPerDim,e247_splitLoopBandOnDim,e249_moveTransferNode,e250_convertResultFromFIFOtoReg	-
e302_unrollSymbolicTransfers	302/382	2	254	42	ddc/ddc_transformation.cpp:1663	9792-9834	crates/compiler/deeptools/src/schedule/ddc/transformation.rs	ddc	crustify-ddc/cpp/ddc.cpp	Ddc	e252_unrollTransferForSymbolicDims	-
e303_unrollSpreadTransfers	303/382	2	255	24	ddc/ddc_transformation.cpp:1706	9844-9868	crates/compiler/deeptools/src/schedule/ddc/transformation.rs	ddc	crustify-ddc/cpp/ddc.cpp	Ddc	e251_unrollTransfer	-
e304_cloneForPeSfpWorkSplit	304/382	2	243	113	ddc/ddc_transformation_util.cpp:1538	9878-9991	crates/compiler/deeptools/src/schedule/ddc/transformation_util.rs	ddc	crustify-ddc/cpp/ddc.cpp	Ddc	e251_unrollTransfer	-
e305_destRelatedToExternalNodes	305/382	2	225	10	ddc/ddc_transformation_util.cpp:1700	10001-10012	crates/compiler/deeptools/src/schedule/ddc/transformation_util.rs	ddc	crustify-ddc/cpp/ddc.cpp	Ddc	e254_destRelatedToExternalNodes	-
e306_relatedToExternalNodes	306/382	2	299	4	ddc/ddc_transformation_util.cpp:1743	10022-10026	crates/compiler/deeptools/src/schedule/ddc/transformation_util.rs	ddc	crustify-ddc/cpp/ddc.cpp	Ddc	e255_inputRelatedToExternalNodes,e256_outputRelatedToExternalNodes	-
e307_exploreAssignDataStages	307/382	2	306	1126	ddc/ddcv1.cpp:555	10042-11168	crates/compiler/deeptools/src/schedule/ddc/v1.rs	ddc	crustify-ddc/cpp/ddc.cpp	Ddc	e096_updateMin,e097_updateMax,e098_updateValues,e104_clear,e258_allocAllMem	REUSE, DO NOT RE-IMPLEMENT: this body CONTAINS the `checkConstraints` lambda at ddc/ddcv1.cpp:792 and its inner `checkConstraintsImpl` at :825, both ALREADY PORTED on bridge1-campaign as `e001_checkConstraints` in crates/compiler/deeptools/src/bridges/superdsc_to_dataflow_ir/shape_constraints.rs:439 (the impl at that file's :518). CALL THOSE. A second copy of the constraint check is the diverging-implementation failure this campaign's exclusion list exists to prevent.
e308_prepDsc	308/382	2	313	252	ddc/ddcv1.cpp:2019	11178-11430	crates/compiler/deeptools/src/schedule/ddc/v1.rs	ddc	crustify-ddc/cpp/ddc.cpp	Ddc	e104_clear,e130_getPeSfpSplitDim,e257_addNewLds	-
e309_attachToPrefilledSchedule	309/382	2	315	71	ddc/ddcv1.cpp:2280	11440-11511	crates/compiler/deeptools/src/schedule/ddc/v1.rs	ddc	crustify-ddc/cpp/ddc.cpp	Ddc	e259_calculateClStartAddress	-
e310_add_valid_actions	310/382	2	270	11	ddc/transformations/automatic_shuffle/shuffle.cpp:226	11521-11534	crates/compiler/deeptools/src/schedule/ddc/shuffle.rs	ddc	crustify-ddc/cpp/ddc.cpp	MergeAction	e232_reset	-
e311_enumerate_stick_computations	311/382	2	371	15	ddc/transformations/automatic_shuffle/shuffle.cpp:305	11544-11559	crates/compiler/deeptools/src/schedule/ddc/shuffle.rs	ddc	crustify-ddc/cpp/ddc.cpp	MergeAction	e143_get_shuffle_indices,e264_bin_op	-
e312_add_valid_actions	312/382	2	268	12	ddc/transformations/automatic_shuffle/shuffle.cpp:332	11569-11583	crates/compiler/deeptools/src/schedule/ddc/shuffle.rs	ddc	crustify-ddc/cpp/ddc.cpp	PackAction	e232_reset	-
e313_enumerate_stick_computations	313/382	2	373	4	ddc/transformations/automatic_shuffle/shuffle.cpp:379	11593-11597	crates/compiler/deeptools/src/schedule/ddc/shuffle.rs	ddc	crustify-ddc/cpp/ddc.cpp	PackAction	e145_get_indices,e264_bin_op	-
e314_add_valid_actions	314/382	2	276	6	ddc/transformations/automatic_shuffle/shuffle.cpp:398	11607-11615	crates/compiler/deeptools/src/schedule/ddc/shuffle.rs	ddc	crustify-ddc/cpp/ddc.cpp	ShiftLeftAction	e232_reset	-
e315_enumerate_stick_computations	315/382	2	374	15	ddc/transformations/automatic_shuffle/shuffle.cpp:428	11625-11640	crates/compiler/deeptools/src/schedule/ddc/shuffle.rs	ddc	crustify-ddc/cpp/ddc.cpp	ShiftLeftAction	e265_unary_op	-
e316_add_valid_actions	316/382	2	269	20	ddc/transformations/automatic_shuffle/shuffle.cpp:451	11650-11672	crates/compiler/deeptools/src/schedule/ddc/shuffle.rs	ddc	crustify-ddc/cpp/ddc.cpp	Pack8Action	e232_reset	-
e317_add_valid_actions	317/382	2	275	17	ddc/transformations/automatic_shuffle/shuffle.cpp:501	11682-11701	crates/compiler/deeptools/src/schedule/ddc/shuffle.rs	ddc	crustify-ddc/cpp/ddc.cpp	Pack9Action	e232_reset	-
e318_add_valid_actions	318/382	2	267	20	ddc/transformations/automatic_shuffle/shuffle.cpp:548	11711-11733	crates/compiler/deeptools/src/schedule/ddc/shuffle.rs	ddc	crustify-ddc/cpp/ddc.cpp	Pack24Action	e232_reset	-
e319_add_valid_actions	319/382	2	274	8	ddc/transformations/automatic_shuffle/shuffle.cpp:607	11743-11753	crates/compiler/deeptools/src/schedule/ddc/shuffle.rs	ddc	crustify-ddc/cpp/ddc.cpp	GCVTF16F8PackAction	e152__out_format,e154__out_format,e232_reset	-
e320_add_valid_actions	320/382	2	273	8	ddc/transformations/automatic_shuffle/shuffle.cpp:653	11763-11773	crates/compiler/deeptools/src/schedule/ddc/shuffle.rs	ddc	crustify-ddc/cpp/ddc.cpp	GCVTF16F8MergeAction	e152__out_format,e154__out_format,e232_reset	-
e321_DdlMain	321/382	2	343	16	ddc/ddl/ddl.cpp:78	1535-1552	crates/compiler/deeptools/src/schedule/ddl/mod.rs	ddl	crustify-ddc/cpp/ddl.cpp	-	e273_processBuffer	-
e322_processPaddedDimensionOp	322/382	2	336	84	ddc/ddl/ddl_conversion.cpp:102	1562-1646	crates/compiler/deeptools/src/schedule/ddl/conversion.rs	ddl	crustify-ddc/cpp/ddl.cpp	DdlConversion	e184_setMetaDimKind,e274_processDimensionOp	-
e323_processOp	323/382	2	328	1424	ddc/ddl/ddl_conversion.cpp:582	1656-3081	crates/compiler/deeptools/src/schedule/ddl/conversion.rs	ddl	crustify-ddc/cpp/ddl.cpp	DdlConversion	e069_updateMin,e070_updateMax,e071_updateValues,e096_updateMin,e097_updateMax,e098_updateValues,e173_addInternalTensor,e174_processExpression,e175_getTensorProp,e176_getTensor,e187_clear,e275_processCondition	-
e324_processTransformations	324/382	2	332	35	ddc/ddl/ddl_conversion.cpp:2036	3091-3126	crates/compiler/deeptools/src/schedule/ddl/conversion.rs	ddl	crustify-ddc/cpp/ddl.cpp	DdlConversion	e177_dump,e183_dump,e275_processCondition	-
e325_convertDsc2Ddl	325/382	2	350	627	ddc/ddl/ddl_conversion.cpp:2881	3136-3763	crates/compiler/deeptools/src/schedule/ddl/conversion.rs	ddl	crustify-ddc/cpp/ddl.cpp	DdlConversion	e176_getTensor,e177_dump,e179_getAccessPatternAsStr,e183_dump,e277_getTensorAndAllocation	-
e326_mergePcfgInSuperDSC	326/382	2	156	5	dcg/dcg_manager/dcg_manager.cpp:629	756-761	crates/compiler/deeptools/src/schedule/dcg/manager.rs	dcg	crustify-ddc/cpp/dcg.cpp	DcgManager	e282_mergePcfgInSuperDSC	-
e327_printSenProgram	327/382	2	161	13	dcg/dcg_manager/dcg_manager.cpp:945	771-784	crates/compiler/deeptools/src/schedule/dcg/manager.rs	dcg	crustify-ddc/cpp/dcg.cpp	DcgManager	e076_print,e102_print,e272_print	-
e328_computeMinParamForPaddedDim	328/382	3	49	24	dcg/dcg_fe/scheduler/L3DlOpsScheduler.cpp:870	6507-6532	crates/compiler/deeptools/src/schedule/l3/dl_ops.rs	l3	crustify-ddc/cpp/l3.cpp	L3DlOpsScheduler	e021_getOpFuncName,e284_isOpFuncStridedWindow	-
e329_addChunkDataStageFromCandidates	329/382	3	65	13	dcg/dcg_fe/scheduler/L3DlOpsScheduler.cpp:1405	6542-6559	crates/compiler/deeptools/src/schedule/l3/dl_ops.rs	l3	crustify-ddc/cpp/l3.cpp	L3DlOpsScheduler	e005_addOrUpdateSymbolicInfoInParams,e022_addOrUpdateDataStageParam,e041_getChunkParamsFromCandidates,e198_addOrUpdatePaddingSizesInChunkParams,e283_addOrUpdateCoreletSplitInParams	-
e330_getLdsTransferCoreIds	330/382	3	83	17	dcg/dcg_fe/scheduler/L3DlOpsScheduler.cpp:2773	6569-6588	crates/compiler/deeptools/src/schedule/l3/dl_ops.rs	l3	crustify-ddc/cpp/l3.cpp	L3DlOpsScheduler	e068_getEndCoreAtCorelet,e210_isOpCrossCoreReduction,e287_getCrossCoreReductionGroupInfo	-
e331_exploreSuperChunkDataStageParams	331/382	3	85	140	dcg/dcg_fe/scheduler/L3DlOpsScheduler.cpp:2829	6598-6739	crates/compiler/deeptools/src/schedule/l3/dl_ops.rs	l3	crustify-ddc/cpp/l3.cpp	L3DlOpsScheduler	e046_getLxBelowBlockNode,e059_getPagedDimensions,e222_allocAllMem,e283_addOrUpdateCoreletSplitInParams	-
e332_createSynchronization	332/382	3	92	5	dcg/dcg_fe/scheduler/L3DlOpsScheduler.cpp:3481	6749-6754	crates/compiler/deeptools/src/schedule/l3/dl_ops.rs	l3	crustify-ddc/cpp/l3.cpp	L3DlOpsScheduler	e288_createSynchronizationDSC	-
e333_fillLoopOffsetsAndAddresses	333/382	3	117	613	dcg/dcg_fe/scheduler/L3DlOpsScheduler.cpp:5750	6764-7379	crates/compiler/deeptools/src/schedule/l3/dl_ops.rs	l3	crustify-ddc/cpp/l3.cpp	L3DlOpsScheduler	e049_calculateCoreletOffsetInByte,e056_isIndexLds,e057_isPagedLds,e068_getEndCoreAtCorelet,e076_print,e102_print,e104_clear,e187_clear,e210_isOpCrossCoreReduction,e272_print,e287_getCrossCoreReductionGroupInfo	-
e334_addIbrDataStage	334/382	3	123	47	dcg/dcg_fe/scheduler/L3DlOpsScheduler.cpp:6626	7389-7438	crates/compiler/deeptools/src/schedule/l3/dl_ops.rs	l3	crustify-ddc/cpp/l3.cpp	L3DlOpsScheduler	e005_addOrUpdateSymbolicInfoInParams,e056_isIndexLds,e058_getNewDataStageIndex,e283_addOrUpdateCoreletSplitInParams	-
e335_addOnePageDataStage	335/382	3	125	30	dcg/dcg_fe/scheduler/L3DlOpsScheduler.cpp:6676	7448-7480	crates/compiler/deeptools/src/schedule/l3/dl_ops.rs	l3	crustify-ddc/cpp/l3.cpp	L3DlOpsScheduler	e058_getNewDataStageIndex,e224_getAllPagedLdsIndices,e283_addOrUpdateCoreletSplitInParams	-
e336_processPagedTensorTransfers	336/382	3	130	71	dcg/dcg_fe/scheduler/L3DlOpsScheduler.cpp:6870	7490-7567	crates/compiler/deeptools/src/schedule/l3/dl_ops.rs	l3	crustify-ddc/cpp/l3.cpp	L3DlOpsScheduler	e226_createStoreIndexTensorToIbr,e227_convertTransferDirectToIndirect,e294_createStoreIndexTensorToLx	-
e337_gatherRelatedPTRows	337/382	3	196	298	ddc/ddc_fold.cpp:959	11783-12083	crates/compiler/deeptools/src/schedule/ddc/fold.rs	ddc	crustify-ddc/cpp/ddc.cpp	Ddc	e076_print,e082_getCompRowId,e091_matchDataStream,e102_print,e297_gatherRelatedPTRowsBase	-
e338_performPeSfpWorkSplit	338/382	3	245	36	ddc/ddc_transformation.cpp:1395	12093-12129	crates/compiler/deeptools/src/schedule/ddc/transformation.rs	ddc	crustify-ddc/cpp/ddc.cpp	Ddc	e118_cloneForPeSfpWorkSplit,e119_cloneForPeSfpWorkSplit,e304_cloneForPeSfpWorkSplit	-
e339_convertResultToSkipReg	339/382	3	227	110	ddc/ddc_transformation_util.cpp:909	12139-12250	crates/compiler/deeptools/src/schedule/ddc/transformation_util.rs	ddc	crustify-ddc/cpp/ddc.cpp	Ddc	e111_reduceUsersOrDeleteAllocationAndMetadata,e254_destRelatedToExternalNodes,e305_destRelatedToExternalNodes	-
e340_insertComputeBetweenTransferAndReg	340/382	3	257	69	ddc/ddc_transformation_util.cpp:1021	12260-12332	crates/compiler/deeptools/src/schedule/ddc/transformation_util.rs	ddc	crustify-ddc/cpp/ddc.cpp	Ddc	e254_destRelatedToExternalNodes,e305_destRelatedToExternalNodes	-
e341_relatedToExternalNodes	341/382	3	296	4	ddc/ddc_transformation_util.cpp:1712	12342-12346	crates/compiler/deeptools/src/schedule/ddc/transformation_util.rs	ddc	crustify-ddc/cpp/ddc.cpp	Ddc	e253_srcRelatedToExternalNodes,e254_destRelatedToExternalNodes,e305_destRelatedToExternalNodes	-
e342_codegen_generic	342/382	3	379	123	ddc/transformations/automatic_shuffle/shuffle.cpp:910	12356-12488	crates/compiler/deeptools/src/schedule/ddc/shuffle.rs	ddc	crustify-ddc/cpp/ddc.cpp	AutoShuffler	e104_clear,e138_swap,e140_repeat_over_dims,e158_make_stick_number_key,e311_enumerate_stick_computations,e313_enumerate_stick_computations,e315_enumerate_stick_computations	-
e343_get_legal_transforms	343/382	3	277	12	ddc/transformations/automatic_shuffle/shuffle.cpp:1147	12498-12511	crates/compiler/deeptools/src/schedule/ddc/shuffle.rs	ddc	crustify-ddc/cpp/ddc.cpp	AutoShuffler	e310_add_valid_actions,e312_add_valid_actions,e314_add_valid_actions,e316_add_valid_actions,e317_add_valid_actions,e318_add_valid_actions,e319_add_valid_actions,e320_add_valid_actions	-
e344_DdlMain	344/382	3	344	12	ddc/ddl/ddl.cpp:96	3772-3785	crates/compiler/deeptools/src/schedule/ddl/mod.rs	ddl	crustify-ddc/cpp/ddl.cpp	-	e321_DdlMain	-
e345_exportToDdl	345/382	3	351	3	ddc/ddl/ddl_conversion.cpp:38	3795-3798	crates/compiler/deeptools/src/schedule/ddl/conversion.rs	ddl	crustify-ddc/cpp/ddl.cpp	DdlConvertInterface	e325_convertDsc2Ddl	-
e346_processRegion	346/382	3	329	26	ddc/ddl/ddl_conversion.cpp:2008	3808-3835	crates/compiler/deeptools/src/schedule/ddl/conversion.rs	ddl	crustify-ddc/cpp/ddl.cpp	DdlConversion	e323_processOp	-
e347_matchDdl2Dsc	347/382	3	340	442	ddc/ddl/ddl_conversion.cpp:2110	3845-4287	crates/compiler/deeptools/src/schedule/ddl/conversion.rs	ddl	crustify-ddc/cpp/ddl.cpp	DdlConversion	e021_getOpFuncName,e172_processTypes,e173_addInternalTensor,e175_getTensorProp,e177_dump,e183_dump,e187_clear,e272_print,e274_processDimensionOp,e278_checkMetaDimensions,e322_processPaddedDimensionOp	-
e348_runDcgForDataOpsDlOps	348/382	3	157	179	dcg/dcg_manager/dcg_manager.cpp:269	794-973	crates/compiler/deeptools/src/schedule/dcg/manager.rs	dcg	crustify-ddc/cpp/dcg.cpp	DcgManager	e104_clear,e187_clear,e191_removeextraPTrows,e282_mergePcfgInSuperDSC,e326_mergePcfgInSuperDSC	-
e349_convertToProgIRDataOp	349/382	3	160	46	dcg/dcg_manager/dcg_manager.cpp:898	983-1029	crates/compiler/deeptools/src/schedule/dcg/manager.rs	dcg	crustify-ddc/cpp/dcg.cpp	DcgManager	e282_mergePcfgInSuperDSC,e326_mergePcfgInSuperDSC	-
e350_getMinParamConv2d	350/382	4	50	26	dcg/dcg_fe/scheduler/L3DlOpsScheduler.cpp:896	7577-7605	crates/compiler/deeptools/src/schedule/l3/dl_ops.rs	l3	crustify-ddc/cpp/l3.cpp	L3DlOpsScheduler	e023_isOpFuncConv2dInt4,e024_isOpFuncConv2dOs1,e328_computeMinParamForPaddedDim	-
e351_setSuperChunkDataStageParams	351/382	4	86	12	dcg/dcg_fe/scheduler/L3DlOpsScheduler.cpp:2793	7615-7627	crates/compiler/deeptools/src/schedule/l3/dl_ops.rs	l3	crustify-ddc/cpp/l3.cpp	L3DlOpsScheduler	e045_addSuperChunkDataStage,e283_addOrUpdateCoreletSplitInParams,e331_exploreSuperChunkDataStageParams	-
e352_updateChunkDataStagesFromCandidates	352/382	4	67	5	dcg/dcg_fe/scheduler/L3DlOpsScheduler.cpp:2819	7637-7646	crates/compiler/deeptools/src/schedule/l3/dl_ops.rs	l3	crustify-ddc/cpp/l3.cpp	L3DlOpsScheduler	e045_addSuperChunkDataStage,e329_addChunkDataStageFromCandidates	-
e353_createAllocationAndTransfer	353/382	4	87	254	dcg/dcg_fe/scheduler/L3DlOpsScheduler.cpp:3121	7656-7910	crates/compiler/deeptools/src/schedule/l3/dl_ops.rs	l3	crustify-ddc/cpp/l3.cpp	L3DlOpsScheduler	e014_isLabeledDsLXNeighbor,e015_getParentLoopNodes,e016_createAllocateNode,e017_createTransferNode,e046_getLxBelowBlockNode,e056_isIndexLds,e201_computeLdsAllocateSiblingLoopNode,e202_computeLdsTransferSiblingLoopNode,e210_isOpCrossCoreReduction,e330_getLdsTransferCoreIds	-
e354_processDscHbmPagedTensors	354/382	4	131	56	dcg/dcg_fe/scheduler/L3DlOpsScheduler.cpp:6746	7920-7977	crates/compiler/deeptools/src/schedule/l3/dl_ops.rs	l3	crustify-ddc/cpp/l3.cpp	L3DlOpsScheduler	e059_getPagedDimensions,e225_createPagedDimChunkLoops,e336_processPagedTensorTransfers	-
e355_fillCoordinateCustomWkSliceId	355/382	4	134	47	dcg/dcg_fe/scheduler/L3DlOpsScheduler.cpp:7198	7987-8036	crates/compiler/deeptools/src/schedule/l3/dl_ops.rs	l3	crustify-ddc/cpp/l3.cpp	L3DlOpsScheduler	e330_getLdsTransferCoreIds	-
e356_buildFoldForAllocation	356/382	4	201	473	ddc/ddc_fold.cpp:2395	12521-12997	crates/compiler/deeptools/src/schedule/ddc/fold.rs	ddc	crustify-ddc/cpp/ddc.cpp	Ddc	e062_getEnclosingLoopsAndRelatedDims,e074_retry,e078_dbgPrint,e079_dbgPrint,e080_allDimsCovered,e085_needToConsiderRowBundling,e089_constructAllocElemArrLayout,e092_getNumElementsInPTSlice,e094_getDefaultRowSplitFold,e095_gatherFoldParams,e233_dbgPrint,e234_scaleUpCoord,e235_scaleDownCoord,e237_sameCoordinateRange,e239_computeParamsForRowSplitFold,e241_relateLoopsToAllocElemArr,e337_gatherRelatedPTRows	-
e357_buildFoldForCompute	357/382	4	208	773	ddc/ddc_fold.cpp:3656	13007-13783	crates/compiler/deeptools/src/schedule/ddc/fold.rs	ddc	crustify-ddc/cpp/ddc.cpp	Ddc	e074_retry,e078_dbgPrint,e079_dbgPrint,e080_allDimsCovered,e081_buildFoldForBroadcastDim,e082_getCompRowId,e085_needToConsiderRowBundling,e104_clear,e233_dbgPrint,e234_scaleUpCoord,e235_scaleDownCoord,e236_needNonRowBundling,e238_getRelatedComputeCoord,e298_buildFoldFromAllocation,e299_buildFoldFromNonAllocRef,e337_gatherRelatedPTRows	-
e358_buildFoldForTransfer	358/382	4	207	289	ddc/ddc_fold.cpp:4433	13793-14083	crates/compiler/deeptools/src/schedule/ddc/fold.rs	ddc	crustify-ddc/cpp/ddc.cpp	Ddc	e074_retry,e078_dbgPrint,e079_dbgPrint,e082_getCompRowId,e085_needToConsiderRowBundling,e122_isNodeRelatedToComps,e178_getAccessPattern,e233_dbgPrint,e238_getRelatedComputeCoord,e298_buildFoldFromAllocation,e299_buildFoldFromNonAllocRef,e337_gatherRelatedPTRows	-
e359_transformRegToFifoOrLatch	359/382	4	228	82	ddc/ddc_transformation.cpp:610	14093-14175	crates/compiler/deeptools/src/schedule/ddc/transformation.rs	ddc	crustify-ddc/cpp/ddc.cpp	Ddc	e117_getNodeDescription,e242_canUseFifo,e243_canUseLatch,e254_destRelatedToExternalNodes,e305_destRelatedToExternalNodes,e339_convertResultToSkipReg	-
e360_transformFor4BsplatRead	360/382	4	258	87	ddc/ddc_transformation.cpp:1766	14185-14272	crates/compiler/deeptools/src/schedule/ddc/transformation.rs	ddc	crustify-ddc/cpp/ddc.cpp	Ddc	e250_convertResultFromFIFOtoReg,e340_insertComputeBetweenTransferAndReg	-
e361_relatedToExternalNodes	361/382	4	301	20	ddc/ddc_transformation_util.cpp:1757	14282-14302	crates/compiler/deeptools/src/schedule/ddc/transformation_util.rs	ddc	crustify-ddc/cpp/ddc.cpp	Ddc	e121_relatedToExternalNodes,e306_relatedToExternalNodes,e341_relatedToExternalNodes	-
e362_get_shuffle	362/382	4	286	61	ddc/transformations/automatic_shuffle/shuffle.cpp:1161	14312-14374	crates/compiler/deeptools/src/schedule/ddc/shuffle.rs	ddc	crustify-ddc/cpp/ddc.cpp	AutoShuffler	e141_act,e142_cost,e144_act,e146_act,e147_cost,e148_act,e149_act,e150_cost,e151_act,e153_act,e155_act,e157_get_node,e160_update_worklist,e266_canonicalize_layout,e267_reset_graph,e343_get_legal_transforms	-
e363_parseDdl	363/382	4	345	9	ddc/ddl/ddl.cpp:121	4297-4306	crates/compiler/deeptools/src/schedule/ddl/mod.rs	ddl	crustify-ddc/cpp/ddl.cpp	DdlModuleOp	e321_DdlMain,e344_DdlMain	-
e364_parseDdl2Dsc	364/382	4	333	54	ddc/ddl/ddl_conversion.cpp:2770	4316-4370	crates/compiler/deeptools/src/schedule/ddl/conversion.rs	ddl	crustify-ddc/cpp/ddl.cpp	DdlConversion	e324_processTransformations,e346_processRegion	-
e365_getMinParamForDimFromOpFunc	365/382	5	59	33	dcg/dcg_fe/scheduler/L3DlOpsScheduler.cpp:1137	8046-8080	crates/compiler/deeptools/src/schedule/l3/dl_ops.rs	l3	crustify-ddc/cpp/l3.cpp	L3DlOpsScheduler	e021_getOpFuncName,e030_isOpFuncScalarBroadcast,e031_isOpFuncReduction,e032_isOpFuncPooling,e033_isOpFuncDepthwiseConv,e034_isOpFuncQuantization,e035_isOpFuncConversionDl16AndFp32,e036_getMinParamScalarBroadcast,e037_getMinParamReduction,e038_getMinParamPoolingAndDepthwiseConv,e039_getMinParamQuantization,e040_getMinParamConversionDl16AndFp32,e204_isOpFuncConv2d,e205_isOpFuncBmm,e206_getMinParamBmm,e350_getMinParamConv2d	-
e366_findBestParamsForMemoryBandwidth	366/382	5	78	228	dcg/dcg_fe/scheduler/L3DlOpsScheduler.cpp:2018	8090-8323	crates/compiler/deeptools/src/schedule/l3/dl_ops.rs	l3	crustify-ddc/cpp/l3.cpp	L3DlOpsScheduler	e014_isLabeledDsLXNeighbor,e104_clear,e187_clear,e222_allocAllMem,e285_calculateBurstEfficiency,e352_updateChunkDataStagesFromCandidates	-
e367_findBestParamsForArithmeticIntensity	367/382	5	73	214	dcg/dcg_fe/scheduler/L3DlOpsScheduler.cpp:2500	8333-8551	crates/compiler/deeptools/src/schedule/l3/dl_ops.rs	l3	crustify-ddc/cpp/l3.cpp	L3DlOpsScheduler	e104_clear,e187_clear,e203_getOpFuncDataFormat,e222_allocAllMem,e286_calculateFlopPerByte,e352_updateChunkDataStagesFromCandidates	-
e368_processHbmPagedTensors	368/382	5	132	4	dcg/dcg_fe/scheduler/L3DlOpsScheduler.cpp:6741	8561-8565	crates/compiler/deeptools/src/schedule/l3/dl_ops.rs	l3	crustify-ddc/cpp/l3.cpp	L3DlOpsScheduler	e354_processDscHbmPagedTensors	-
e369_buildCoordinateForAllocation	369/382	5	142	28	dcg/dcg_fe/scheduler/L3DlOpsScheduler.cpp:7167	8575-8605	crates/compiler/deeptools/src/schedule/l3/dl_ops.rs	l3	crustify-ddc/cpp/l3.cpp	L3DlOpsScheduler	e210_isOpCrossCoreReduction,e228_buildCoordinateFromAllocation,e229_sliceCoordinateForCorelet,e355_fillCoordinateCustomWkSliceId	-
e370_buildAndPropagateFold	370/382	5	211	350	ddc/ddc_fold.cpp:1625	14384-14734	crates/compiler/deeptools/src/schedule/ddc/fold.rs	ddc	crustify-ddc/cpp/ddc.cpp	Ddc	e073_addPropInfo,e075_getCurrItem,e078_dbgPrint,e079_dbgPrint,e082_getCompRowId,e086_isAllocateIncoming,e230_addPropInfo,e232_reset,e233_dbgPrint,e238_getRelatedComputeCoord,e240_buildFoldForExternalAllocation,e356_buildFoldForAllocation,e357_buildFoldForCompute,e358_buildFoldForTransfer	-
e371_replace_assign	371/382	5	290	119	ddc/transformations/automatic_shuffle/shuffle.cpp:788	14744-14865	crates/compiler/deeptools/src/schedule/ddc/shuffle.rs	ddc	crustify-ddc/cpp/ddc.cpp	AutoShuffler	e270_inferLayouts,e362_get_shuffle	-
e372_selectAndParseDdlTemplate	372/382	5	347	59	ddc/ddl/ddl_conversion.cpp:42	4380-4439	crates/compiler/deeptools/src/schedule/ddl/conversion.rs	ddl	crustify-ddc/cpp/ddl.cpp	DdlConversion	e187_clear,e276_verifyDdlConstraints,e347_matchDdl2Dsc,e363_parseDdl,e364_parseDdl2Dsc	-
e373_getMinParamForDim	373/382	6	60	15	dcg/dcg_fe/scheduler/L3DlOpsScheduler.cpp:1119	8615-8632	crates/compiler/deeptools/src/schedule/l3/dl_ops.rs	l3	crustify-ddc/cpp/l3.cpp	L3DlOpsScheduler	e210_isOpCrossCoreReduction,e365_getMinParamForDimFromOpFunc	-
e374_propagateCoordinateDSC	374/382	6	143	109	dcg/dcg_fe/scheduler/L3DlOpsScheduler.cpp:7761	8642-8752	crates/compiler/deeptools/src/schedule/l3/dl_ops.rs	l3	crustify-ddc/cpp/l3.cpp	L3DlOpsScheduler	e060_getHbmAllocations,e369_buildCoordinateForAllocation	-
e375_coordinateCapture	375/382	6	212	86	ddc/ddc_fold.cpp:1538	14875-14961	crates/compiler/deeptools/src/schedule/ddc/fold.rs	ddc	crustify-ddc/cpp/ddc.cpp	Ddc	e076_print,e102_print,e370_buildAndPropagateFold	-
e376_performAutomaticShuffling	376/382	6	292	167	ddc/ddc_transformation.cpp:1855	14971-15138	crates/compiler/deeptools/src/schedule/ddc/transformation.rs	ddc	crustify-ddc/cpp/ddc.cpp	Ddc	e110_constructAllocation,e164_insert_before,e257_addNewLds,e371_replace_assign	-
e377_getInitialChunkParams	377/382	7	63	20	dcg/dcg_fe/scheduler/L3DlOpsScheduler.cpp:1382	8762-8784	crates/compiler/deeptools/src/schedule/l3/dl_ops.rs	l3	crustify-ddc/cpp/l3.cpp	L3DlOpsScheduler	e104_clear,e187_clear,e373_getMinParamForDim	-
e378_propagateCoordinate	378/382	7	144	3	dcg/dcg_fe/scheduler/L3DlOpsScheduler.cpp:7757	8794-8797	crates/compiler/deeptools/src/schedule/l3/dl_ops.rs	l3	crustify-ddc/cpp/l3.cpp	L3DlOpsScheduler	e374_propagateCoordinateDSC	-
e379_run_v1	379/382	7	352	109	ddc/ddcv1.cpp:3692	15148-15257	crates/compiler/deeptools/src/schedule/ddc/v1.rs	ddc	crustify-ddc/cpp/ddc.cpp	Ddc	e104_clear,e125_minimizeAllocations,e126_populateUnitTimeTransfers,e127_spreadDataInAllocate,e128_finalizeAllocateLayouts,e132_restoreDsc,e133_adjustLoopOffsetsAndAddresses,e134_simplifyScheduleTree,e135_updateLdsIdxMetadata,e136_initGlobalData,e244_cloneForOffsetAdjustment,e245_setSizeForFixedSizeTransfers,e246_transformForInterSliceRestickify,e260_fillLoopOffsetsAndAddresses,e261_finalizeOps,e262_coordinateMasking,e263_identifyBelowChunkBoundaryLoops,e300_packStickDim,e301_hoistTransfersUpForReuse,e302_unrollSymbolicTransfers,e303_unrollSpreadTransfers,e307_exploreAssignDataStages,e308_prepDsc,e309_attachToPrefilledSchedule,e338_performPeSfpWorkSplit,e345_exportToDdl,e359_transformRegToFifoOrLatch,e360_transformFor4BsplatRead,e372_selectAndParseDdlTemplate,e375_coordinateCapture,e376_performAutomaticShuffling	-
e380_setChunkDataStageParams	380/382	8	79	129	dcg/dcg_fe/scheduler/L3DlOpsScheduler.cpp:1439	8807-8936	crates/compiler/deeptools/src/schedule/l3/dl_ops.rs	l3	crustify-ddc/cpp/l3.cpp	L3DlOpsScheduler	e008_hasDimensionReuse,e010_getCoreSplitDimensions,e014_isLabeledDsLXNeighbor,e022_addOrUpdateDataStageParam,e207_generateDscParamCandidates,e222_allocAllMem,e352_updateChunkDataStagesFromCandidates,e366_findBestParamsForMemoryBandwidth,e367_findBestParamsForArithmeticIntensity,e377_getInitialChunkParams	-
e381_run	381/382	8	353	15	ddc/ddcv1.cpp:3802	15267-15282	crates/compiler/deeptools/src/schedule/ddc/v1.rs	ddc	crustify-ddc/cpp/ddc.cpp	Ddc	e379_run_v1	-
e382_run	382/382	9	146	122	dcg/dcg_fe/scheduler/L3DlOpsScheduler.cpp:7912	8946-9068	crates/compiler/deeptools/src/schedule/l3/dl_ops.rs	l3	crustify-ddc/cpp/l3.cpp	L3DlOpsScheduler	e001_isSameDscGroup,e053_verifyScheduleTree,e054_prepDsc,e059_getPagedDimensions,e214_optimizeHbmLdsOutputInScheduleTree,e221_fillTransferZeroPaddingInfo,e222_allocAllMem,e289_optimizeHbmTransfers,e290_createChunkLoops,e291_fillTransferMulticastInfo,e292_fillAllocationStartAddrAndOffset,e293_setLxBufferType,e295_fillExplicitTransferSize,e332_createSynchronization,e333_fillLoopOffsetsAndAddresses,e334_addIbrDataStage,e335_addOnePageDataStage,e351_setSuperChunkDataStageParams,e353_createAllocationAndTransfer,e368_processHbmPagedTensors,e378_propagateCoordinate,e380_setChunkDataStageParams	-
